duplicate_group,n,n_classes,n_splits,classes,splits
0,1,1,1,Normal,train_source
1,1,1,1,Normal,train_source
2,1,1,1,Normal,train_source
3,1,1,1,Normal,train_source
4,1,1,1,Normal,train_source
5,1,1,1,Normal,train_source
6,1,1,1,Normal,train_source
7,1,1,1,Normal,train_source
8,1,1,1,Normal,train_source
9,1,1,1,Normal,train_source
10,1,1,1,Normal,train_source
11,1,1,1,Normal,train_source
12,1,1,1,Normal,train_source
13,1,1,1,Normal,train_source
14,1,1,1,Normal,train_source
15,2,1,1,Normal,train_source
16,1,1,1,Normal,train_source
17,1,1,1,Normal,train_source
18,1,1,1,Normal,train_source
19,1,1,1,Normal,train_source
20,1,1,1,Normal,train_source
21,1,1,1,Normal,train_source
22,1,1,1,Normal,train_source
23,1,1,1,Normal,train_source
24,1,1,1,Normal,train_source
25,1,1,1,Normal,train_source
26,1,1,1,Normal,train_source
27,1,1,1,Normal,train_source
28,1,1,1,Normal,train_source
29,1,1,1,Normal,train_source
30,1,1,1,Normal,train_source
31,1,1,1,Normal,train_source
32,1,1,1,Normal,train_source
33,1,1,1,Normal,train_source
34,1,1,1,Normal,train_source
35,1,1,1,Normal,train_source
36,1,1,1,Normal,train_source
37,2,1,1,Normal,train_source
38,1,1,1,Normal,train_source
39,1,1,1,Normal,train_source
40,1,1,1,Normal,train_source
41,1,1,1,Normal,train_source
42,1,1,1,Normal,train_source
43,1,1,1,Normal,train_source
44,1,1,1,Normal,train_source
45,1,1,1,Normal,train_source
46,1,1,1,Normal,train_source
47,1,1,1,Normal,train_source
48,1,1,1,Normal,train_source
49,1,1,1,Normal,train_source
50,1,1,1,Normal,train_source
51,1,1,1,Normal,train_source
52,1,1,1,Normal,train_source
53,1,1,1,Normal,train_source
54,1,1,1,Normal,train_source
55,1,1,1,Normal,train_source
56,1,1,1,Normal,train_source
57,1,1,1,Normal,train_source
58,1,1,1,Normal,train_source
59,1,1,1,Normal,train_source
60,1,1,1,Normal,train_source
61,1,1,1,Normal,train_source
62,1,1,1,Normal,train_source
63,1,1,1,Normal,train_source
64,1,1,1,Normal,train_source
65,1,1,1,Normal,train_source
66,1,1,1,Normal,train_source
67,1,1,1,Normal,train_source
68,1,1,1,Normal,train_source
69,1,1,1,Normal,train_source
70,1,1,1,Normal,train_source
71,1,1,1,Normal,train_source
72,1,1,1,Normal,train_source
73,1,1,1,Normal,train_source
74,1,1,1,Normal,train_source
75,1,1,1,Normal,train_source
76,2,1,1,Normal,train_source
77,1,1,1,Normal,train_source
78,1,1,1,Normal,train_source
79,1,1,1,Normal,train_source
80,1,1,1,Normal,train_source
81,1,1,1,Normal,train_source
82,1,1,1,Normal,train_source
83,1,1,1,Normal,train_source
84,1,1,1,Normal,train_source
85,1,1,1,Normal,train_source
86,1,1,1,Normal,train_source
87,1,1,1,Normal,train_source
88,1,1,1,Normal,train_source
89,1,1,1,Normal,train_source
90,1,1,1,Normal,train_source
91,1,1,1,Normal,train_source
92,1,1,1,Normal,train_source
93,1,1,1,Normal,train_source
94,1,1,1,Normal,train_source
95,1,1,1,Normal,train_source
96,1,1,1,Normal,train_source
97,1,1,1,Normal,train_source
98,2,1,1,Normal,train_source
99,1,1,1,Normal,train_source
100,1,1,1,Normal,train_source
101,1,1,1,Normal,train_source
102,1,1,1,Normal,train_source
103,1,1,1,Normal,train_source
104,1,1,1,Normal,train_source
105,1,1,1,Normal,train_source
106,1,1,1,Normal,train_source
107,1,1,1,Normal,train_source
108,1,1,1,Normal,train_source
109,1,1,1,Normal,train_source
110,1,1,1,Normal,train_source
111,1,1,1,Normal,train_source
112,1,1,1,Normal,train_source
113,1,1,1,Normal,train_source
114,1,1,1,Normal,train_source
115,1,1,1,Normal,train_source
116,1,1,1,Normal,train_source
117,1,1,1,Normal,train_source
118,1,1,1,Normal,train_source
119,1,1,1,Normal,train_source
120,1,1,1,Normal,train_source
121,1,1,1,Normal,train_source
122,1,1,1,Normal,train_source
123,1,1,1,Normal,train_source
124,1,1,1,Normal,train_source
125,1,1,1,Normal,train_source
126,1,1,1,Normal,train_source
127,1,1,1,Normal,train_source
128,1,1,1,Normal,train_source
129,1,1,1,Normal,train_source
130,1,1,1,Normal,train_source
131,1,1,1,Normal,train_source
132,1,1,1,Normal,train_source
133,1,1,1,Normal,train_source
134,1,1,1,Normal,train_source
135,1,1,1,Normal,train_source
136,1,1,1,Normal,train_source
137,1,1,1,Normal,train_source
138,1,1,1,Normal,train_source
139,1,1,1,Normal,train_source
140,1,1,1,Normal,train_source
141,1,1,1,Normal,train_source
142,1,1,1,Normal,train_source
143,1,1,1,Normal,train_source
144,2,1,1,Normal,train_source
145,1,1,1,Normal,train_source
146,1,1,1,Normal,train_source
147,1,1,1,Normal,train_source
148,1,1,1,Normal,train_source
149,1,1,1,Normal,train_source
150,1,1,1,Normal,train_source
151,1,1,1,Normal,train_source
152,1,1,1,Normal,train_source
153,1,1,1,Normal,train_source
154,1,1,1,Normal,train_source
155,1,1,1,Normal,train_source
156,1,1,1,Normal,train_source
157,1,1,1,Normal,train_source
158,1,1,1,Normal,train_source
159,1,1,1,Normal,train_source
160,1,1,1,Normal,train_source
161,1,1,1,Normal,train_source
162,1,1,1,Normal,train_source
163,1,1,1,Normal,train_source
164,1,1,1,Normal,train_source
165,1,1,1,Normal,train_source
166,1,1,1,Normal,train_source
167,1,1,1,Normal,train_source
168,1,1,1,Normal,train_source
169,1,1,1,Normal,train_source
170,1,1,1,Normal,train_source
171,1,1,1,Normal,train_source
172,1,1,1,Normal,train_source
173,1,1,1,Normal,train_source
174,1,1,1,Normal,train_source
175,1,1,1,Normal,train_source
176,1,1,1,Normal,train_source
177,1,1,1,Normal,train_source
178,1,1,1,Normal,train_source
179,1,1,1,Normal,train_source
180,1,1,1,Normal,train_source
181,1,1,1,Normal,train_source
182,1,1,1,Normal,train_source
183,1,1,1,Normal,train_source
184,1,1,1,Normal,train_source
185,1,1,1,Normal,train_source
186,1,1,1,Normal,train_source
187,1,1,1,Normal,train_source
188,1,1,1,Normal,train_source
189,1,1,1,Normal,train_source
190,1,1,1,Normal,train_source
191,1,1,1,Normal,train_source
192,1,1,1,Normal,train_source
193,1,1,1,Normal,train_source
194,1,1,1,Normal,train_source
195,1,1,1,Normal,train_source
196,1,1,1,Normal,train_source
197,1,1,1,Normal,train_source
198,1,1,1,Normal,train_source
199,1,1,1,Normal,train_source
200,1,1,1,Normal,train_source
201,1,1,1,Normal,train_source
202,2,1,1,Normal,train_source
203,1,1,1,Normal,train_source
204,1,1,1,Normal,train_source
205,1,1,1,Normal,train_source
206,1,1,1,Normal,train_source
207,1,1,1,Normal,train_source
208,1,1,1,Normal,train_source
209,1,1,1,Normal,train_source
210,1,1,1,Normal,train_source
211,1,1,1,Normal,train_source
212,1,1,1,Normal,train_source
213,1,1,1,Normal,train_source
214,1,1,1,Normal,train_source
215,1,1,1,Normal,train_source
216,1,1,1,Normal,train_source
217,1,1,1,Normal,train_source
218,1,1,1,Normal,train_source
219,1,1,1,Normal,train_source
220,1,1,1,Normal,train_source
221,1,1,1,Normal,train_source
222,1,1,1,Normal,train_source
223,1,1,1,Normal,train_source
224,1,1,1,Normal,train_source
225,1,1,1,Normal,train_source
226,1,1,1,Normal,train_source
227,1,1,1,Normal,train_source
228,1,1,1,Normal,train_source
229,1,1,1,Normal,train_source
230,1,1,1,Normal,train_source
231,1,1,1,Normal,train_source
232,1,1,1,Normal,train_source
233,1,1,1,Normal,train_source
234,1,1,1,Normal,train_source
235,1,1,1,Normal,train_source
236,1,1,1,Normal,train_source
237,1,1,1,Normal,train_source
238,1,1,1,Normal,train_source
239,1,1,1,Normal,train_source
240,58,2,2,Normal|Pneumonia,test_source|train_source
241,1,1,1,Normal,train_source
242,1,1,1,Normal,train_source
243,2,1,1,Normal,train_source
244,1,1,1,Normal,train_source
245,1,1,1,Normal,train_source
246,1,1,1,Normal,train_source
247,1,1,1,Normal,train_source
248,1,1,1,Normal,train_source
249,1,1,1,Normal,train_source
250,1,1,1,Normal,train_source
251,1,1,1,Normal,train_source
252,1,1,1,Normal,train_source
253,2,1,1,Normal,train_source
254,1,1,1,Normal,train_source
255,1,1,1,Normal,train_source
256,1,1,1,Normal,train_source
257,1,1,1,Normal,train_source
258,1,1,1,Normal,train_source
259,1,1,1,Normal,train_source
260,1,1,1,Normal,train_source
261,1,1,1,Normal,train_source
262,1,1,1,Normal,train_source
263,1,1,1,Normal,train_source
264,1,1,1,Normal,train_source
265,1,1,1,Normal,train_source
266,1,1,1,Normal,train_source
267,1,1,1,Normal,train_source
268,1,1,1,Normal,train_source
269,1,1,1,Normal,train_source
270,1,1,1,Normal,train_source
271,1,1,1,Normal,train_source
272,1,1,1,Normal,train_source
273,1,1,1,Normal,train_source
274,1,1,1,Normal,train_source
275,1,1,1,Normal,train_source
276,2,1,1,Normal,train_source
277,1,1,1,Normal,train_source
278,1,1,1,Normal,train_source
279,1,1,1,Normal,train_source
280,1,1,1,Normal,train_source
281,1,1,1,Normal,train_source
282,1,1,1,Normal,train_source
283,1,1,1,Normal,train_source
284,1,1,1,Normal,train_source
285,1,1,1,Normal,train_source
286,1,1,1,Normal,train_source
287,1,1,1,Normal,train_source
288,1,1,1,Normal,train_source
289,1,1,1,Normal,train_source
290,1,1,1,Normal,train_source
291,1,1,1,Normal,train_source
292,1,1,1,Normal,train_source
293,1,1,1,Normal,train_source
294,1,1,1,Normal,train_source
295,1,1,1,Normal,train_source
296,1,1,1,Normal,train_source
297,1,1,1,Normal,train_source
298,1,1,1,Normal,train_source
299,1,1,1,Normal,train_source
300,1,1,1,Normal,train_source
301,1,1,1,Normal,train_source
302,1,1,1,Normal,train_source
303,1,1,1,Normal,train_source
304,1,1,1,Normal,train_source
305,1,1,1,Normal,train_source
306,1,1,1,Normal,train_source
307,1,1,1,Normal,train_source
308,1,1,1,Normal,train_source
309,1,1,1,Normal,train_source
310,1,1,1,Normal,train_source
311,1,1,1,Normal,train_source
312,1,1,1,Normal,train_source
313,1,1,1,Normal,train_source
314,1,1,1,Normal,train_source
315,2,1,1,Normal,train_source
316,1,1,1,Normal,train_source
317,1,1,1,Normal,train_source
318,1,1,1,Normal,train_source
319,1,1,1,Normal,train_source
320,1,1,1,Normal,train_source
321,1,1,1,Normal,train_source
322,1,1,1,Normal,train_source
323,1,1,1,Normal,train_source
324,1,1,1,Normal,train_source
325,1,1,1,Normal,train_source
326,1,1,1,Normal,train_source
327,1,1,1,Normal,train_source
328,1,1,1,Normal,train_source
329,1,1,1,Normal,train_source
330,1,1,1,Normal,train_source
331,1,1,1,Normal,train_source
332,1,1,1,Normal,train_source
333,1,1,1,Normal,train_source
334,1,1,1,Normal,train_source
335,1,1,1,Normal,train_source
336,1,1,1,Normal,train_source
337,1,1,1,Normal,train_source
338,1,1,1,Normal,train_source
339,1,1,1,Normal,train_source
340,1,1,1,Normal,train_source
341,2,1,1,Normal,train_source
342,1,1,1,Normal,train_source
343,1,1,1,Normal,train_source
344,1,1,1,Normal,train_source
345,1,1,1,Normal,train_source
346,1,1,1,Normal,train_source
347,1,1,1,Normal,train_source
348,1,1,1,Normal,train_source
349,2,1,1,Normal,train_source
350,1,1,1,Normal,train_source
351,1,1,1,Normal,train_source
352,1,1,1,Normal,train_source
353,1,1,1,Normal,train_source
354,1,1,1,Normal,train_source
355,1,1,1,Normal,train_source
356,1,1,1,Normal,train_source
357,1,1,1,Normal,train_source
358,1,1,1,Normal,train_source
359,1,1,1,Normal,train_source
360,1,1,1,Normal,train_source
361,1,1,1,Normal,train_source
362,1,1,1,Normal,train_source
363,1,1,1,Normal,train_source
364,1,1,1,Normal,train_source
365,2,1,1,Normal,train_source
366,1,1,1,Normal,train_source
367,1,1,1,Normal,train_source
368,1,1,1,Normal,train_source
369,1,1,1,Normal,train_source
370,1,1,1,Normal,train_source
371,1,1,1,Normal,train_source
372,1,1,1,Normal,train_source
373,1,1,1,Normal,train_source
374,1,1,1,Normal,train_source
375,1,1,1,Normal,train_source
376,1,1,1,Normal,train_source
377,1,1,1,Normal,train_source
378,1,1,1,Normal,train_source
379,1,1,1,Normal,train_source
380,1,1,1,Normal,train_source
381,1,1,1,Normal,train_source
382,1,1,1,Normal,train_source
383,1,1,1,Normal,train_source
384,1,1,1,Normal,train_source
385,1,1,1,Normal,train_source
386,1,1,1,Normal,train_source
387,1,1,1,Normal,train_source
388,1,1,1,Normal,train_source
389,1,1,1,Normal,train_source
390,1,1,1,Normal,train_source
391,1,1,1,Normal,train_source
392,2,1,1,Normal,train_source
393,1,1,1,Normal,train_source
394,1,1,1,Normal,train_source
395,1,1,1,Normal,train_source
396,1,1,1,Normal,train_source
397,1,1,1,Normal,train_source
398,1,1,1,Normal,train_source
399,1,1,1,Normal,train_source
400,1,1,1,Normal,train_source
401,1,1,1,Normal,train_source
402,1,1,1,Normal,train_source
403,1,1,1,Normal,train_source
404,1,1,1,Normal,train_source
405,1,1,1,Normal,train_source
406,1,1,1,Normal,train_source
407,1,1,1,Normal,train_source
408,1,1,1,Normal,train_source
409,1,1,1,Normal,train_source
410,1,1,1,Normal,train_source
411,1,1,1,Normal,train_source
412,1,1,1,Normal,train_source
413,1,1,1,Normal,train_source
414,1,1,1,Normal,train_source
415,1,1,1,Normal,train_source
416,2,1,1,Normal,train_source
417,1,1,1,Normal,train_source
418,1,1,1,Normal,train_source
419,1,1,1,Normal,train_source
420,1,1,1,Normal,train_source
421,1,1,1,Normal,train_source
422,1,1,1,Normal,train_source
423,1,1,1,Normal,train_source
424,1,1,1,Normal,train_source
425,1,1,1,Normal,train_source
426,1,1,1,Normal,train_source
427,1,1,1,Normal,train_source
428,1,1,1,Normal,train_source
429,1,1,1,Normal,train_source
430,1,1,1,Normal,train_source
431,1,1,1,Normal,train_source
432,1,1,1,Normal,train_source
433,1,1,1,Normal,train_source
434,1,1,1,Normal,train_source
435,1,1,1,Normal,train_source
436,2,1,1,Normal,train_source
437,1,1,1,Normal,train_source
438,1,1,1,Normal,train_source
439,1,1,1,Normal,train_source
440,1,1,1,Normal,train_source
441,1,1,1,Normal,train_source
442,1,1,1,Normal,train_source
443,1,1,1,Normal,train_source
444,1,1,1,Normal,train_source
445,1,1,1,Normal,train_source
446,1,1,1,Normal,train_source
447,1,1,1,Normal,train_source
448,1,1,1,Normal,train_source
449,1,1,1,Normal,train_source
450,1,1,1,Normal,train_source
451,1,1,1,Normal,train_source
452,1,1,1,Normal,train_source
453,1,1,1,Normal,train_source
454,1,1,1,Normal,train_source
455,1,1,1,Normal,train_source
456,1,1,1,Normal,train_source
457,1,1,1,Normal,train_source
458,1,1,1,Normal,train_source
459,1,1,1,Normal,train_source
460,1,1,1,Normal,train_source
461,1,1,1,Normal,train_source
462,1,1,1,Normal,train_source
463,1,1,1,Normal,train_source
464,1,1,1,Normal,train_source
465,1,1,1,Normal,train_source
466,1,1,1,Normal,train_source
467,1,1,1,Normal,train_source
468,1,1,1,Normal,train_source
469,1,1,1,Normal,train_source
470,1,1,1,Normal,train_source
471,1,1,1,Normal,train_source
472,1,1,1,Normal,train_source
473,1,1,1,Normal,train_source
474,1,1,1,Normal,train_source
475,1,1,1,Normal,train_source
476,1,1,1,Normal,train_source
477,1,1,1,Normal,train_source
478,3,1,1,Normal,train_source
479,1,1,1,Normal,train_source
480,1,1,1,Normal,train_source
481,1,1,1,Normal,train_source
482,1,1,1,Normal,train_source
483,1,1,1,Normal,train_source
484,2,1,1,Normal,train_source
485,1,1,1,Normal,train_source
486,1,1,1,Normal,train_source
487,1,1,1,Normal,train_source
488,1,1,1,Normal,train_source
489,1,1,1,Normal,train_source
490,1,1,1,Normal,train_source
491,1,1,1,Normal,train_source
492,1,1,1,Normal,train_source
493,1,1,1,Normal,train_source
494,1,1,1,Normal,train_source
495,1,1,1,Normal,train_source
496,1,1,1,Normal,train_source
497,1,1,1,Normal,train_source
498,1,1,1,Normal,train_source
499,1,1,1,Normal,train_source
500,1,1,1,Normal,train_source
501,1,1,1,Normal,train_source
502,1,1,1,Normal,train_source
503,1,1,1,Normal,train_source
504,1,1,1,Normal,train_source
505,1,1,1,Normal,train_source
506,1,1,1,Normal,train_source
507,1,1,1,Normal,train_source
508,1,1,1,Normal,train_source
509,1,1,1,Normal,train_source
510,1,1,1,Normal,train_source
511,1,1,1,Normal,train_source
512,1,1,1,Normal,train_source
513,1,1,1,Normal,train_source
514,1,1,1,Normal,train_source
515,1,1,1,Normal,train_source
516,1,1,1,Normal,train_source
517,1,1,1,Normal,train_source
518,2,1,1,Normal,train_source
519,1,1,1,Normal,train_source
520,1,1,1,Normal,train_source
521,1,1,1,Normal,train_source
522,1,1,1,Normal,train_source
523,1,1,1,Normal,train_source
524,1,1,1,Normal,train_source
525,1,1,1,Normal,train_source
526,1,1,1,Normal,train_source
527,1,1,1,Normal,train_source
528,1,1,1,Normal,train_source
529,1,1,1,Normal,train_source
530,1,1,1,Normal,train_source
531,1,1,1,Normal,train_source
532,1,1,1,Normal,train_source
533,1,1,1,Normal,train_source
534,1,1,1,Normal,train_source
535,1,1,1,Normal,train_source
536,1,1,1,Normal,train_source
537,1,1,1,Normal,train_source
538,1,1,1,Normal,train_source
539,1,1,1,Normal,train_source
540,1,1,1,Normal,train_source
541,1,1,1,Normal,train_source
542,1,1,1,Normal,train_source
543,1,1,1,Normal,train_source
544,1,1,1,Normal,train_source
545,1,1,1,Normal,train_source
546,1,1,1,Normal,train_source
547,1,1,1,Normal,train_source
548,1,1,1,Normal,train_source
549,1,1,1,Normal,train_source
550,1,1,1,Normal,train_source
551,1,1,1,Normal,train_source
552,1,1,1,Normal,train_source
553,1,1,1,Normal,train_source
554,3,1,1,Normal,train_source
555,1,1,1,Normal,train_source
556,1,1,1,Normal,train_source
557,1,1,1,Normal,train_source
558,1,1,1,Normal,train_source
559,1,1,1,Normal,train_source
560,1,1,1,Normal,train_source
561,1,1,1,Normal,train_source
562,1,1,1,Normal,train_source
563,1,1,1,Normal,train_source
564,1,1,1,Normal,train_source
565,1,1,1,Normal,train_source
566,1,1,1,Normal,train_source
567,1,1,1,Normal,train_source
568,2,1,1,Normal,train_source
569,1,1,1,Normal,train_source
570,1,1,1,Normal,train_source
571,1,1,1,Normal,train_source
572,1,1,1,Normal,train_source
573,1,1,1,Normal,train_source
574,1,1,1,Normal,train_source
575,1,1,1,Normal,train_source
576,1,1,1,Normal,train_source
577,1,1,1,Normal,train_source
578,1,1,1,Normal,train_source
579,1,1,1,Normal,train_source
580,1,1,1,Normal,train_source
581,43,2,2,Normal|Pneumonia,test_source|train_source
582,1,1,1,Normal,train_source
583,1,1,1,Normal,train_source
584,1,1,1,Normal,train_source
585,1,1,1,Normal,train_source
586,1,1,1,Normal,train_source
587,1,1,1,Normal,train_source
588,1,1,1,Normal,train_source
589,1,1,1,Normal,train_source
590,1,1,1,Normal,train_source
591,1,1,1,Normal,train_source
592,1,1,1,Normal,train_source
593,1,1,1,Normal,train_source
594,1,1,1,Normal,train_source
595,1,1,1,Normal,train_source
596,1,1,1,Normal,train_source
597,1,1,1,Normal,train_source
598,1,1,1,Normal,train_source
599,1,1,1,Normal,train_source
600,1,1,1,Normal,train_source
601,1,1,1,Normal,train_source
602,1,1,1,Normal,train_source
603,1,1,1,Normal,train_source
604,1,1,1,Normal,train_source
605,1,1,1,Normal,train_source
606,1,1,1,Normal,train_source
607,2,1,1,Normal,train_source
608,1,1,1,Normal,train_source
609,1,1,1,Normal,train_source
610,1,1,1,Normal,train_source
611,1,1,1,Normal,train_source
612,1,1,1,Normal,train_source
613,1,1,1,Normal,train_source
614,1,1,1,Normal,train_source
615,1,1,1,Normal,train_source
616,1,1,1,Normal,train_source
617,1,1,1,Normal,train_source
618,1,1,1,Normal,train_source
619,1,1,1,Normal,train_source
620,1,1,1,Normal,train_source
621,1,1,1,Normal,train_source
622,1,1,1,Normal,train_source
623,1,1,1,Normal,train_source
624,1,1,1,Normal,train_source
625,1,1,1,Normal,train_source
626,1,1,1,Normal,train_source
627,1,1,1,Normal,train_source
628,1,1,1,Normal,train_source
629,2,1,1,Normal,train_source
630,1,1,1,Normal,train_source
631,1,1,1,Normal,train_source
632,1,1,1,Normal,train_source
633,1,1,1,Normal,train_source
634,1,1,1,Normal,train_source
635,1,1,1,Normal,train_source
636,9,1,2,Normal,test_source|train_source
637,1,1,1,Normal,train_source
638,1,1,1,Normal,train_source
639,1,1,1,Normal,train_source
640,1,1,1,Normal,train_source
641,1,1,1,Normal,train_source
642,1,1,1,Normal,train_source
643,1,1,1,Normal,train_source
644,1,1,1,Normal,train_source
645,1,1,1,Normal,train_source
646,1,1,1,Normal,train_source
647,1,1,1,Normal,train_source
648,1,1,1,Normal,train_source
649,1,1,1,Normal,train_source
650,1,1,1,Normal,train_source
651,1,1,1,Normal,train_source
652,1,1,1,Normal,train_source
653,1,1,1,Normal,train_source
654,2,1,1,Normal,train_source
655,1,1,1,Normal,train_source
656,2,1,1,Normal,train_source
657,1,1,1,Normal,train_source
658,1,1,1,Normal,train_source
659,1,1,1,Normal,train_source
660,1,1,1,Normal,train_source
661,1,1,1,Normal,train_source
662,1,1,1,Normal,train_source
663,1,1,1,Normal,train_source
664,1,1,1,Normal,train_source
665,1,1,1,Normal,train_source
666,2,1,1,Normal,train_source
667,1,1,1,Normal,train_source
668,1,1,1,Normal,train_source
669,1,1,1,Normal,train_source
670,1,1,1,Normal,train_source
671,1,1,1,Normal,train_source
672,1,1,1,Normal,train_source
673,1,1,1,Normal,train_source
674,1,1,1,Normal,train_source
675,1,1,1,Normal,train_source
676,1,1,1,Normal,train_source
677,1,1,1,Normal,train_source
678,1,1,1,Normal,train_source
679,1,1,1,Normal,train_source
680,1,1,1,Normal,train_source
681,1,1,1,Normal,train_source
682,1,1,1,Normal,train_source
683,1,1,1,Normal,train_source
684,1,1,1,Normal,train_source
685,2,1,1,Normal,train_source
686,1,1,1,Normal,train_source
687,1,1,1,Normal,train_source
688,1,1,1,Normal,train_source
689,1,1,1,Normal,train_source
690,1,1,1,Normal,train_source
691,1,1,1,Normal,train_source
692,1,1,1,Normal,train_source
693,1,1,1,Normal,train_source
694,1,1,1,Normal,train_source
695,1,1,1,Normal,train_source
696,1,1,1,Normal,train_source
697,1,1,1,Normal,train_source
698,1,1,1,Normal,train_source
699,1,1,1,Normal,train_source
700,1,1,1,Normal,train_source
701,1,1,1,Normal,train_source
702,1,1,1,Normal,train_source
703,1,1,1,Normal,train_source
704,1,1,1,Normal,train_source
705,1,1,1,Normal,train_source
706,1,1,1,Normal,train_source
707,1,1,1,Normal,train_source
708,1,1,1,Normal,train_source
709,1,1,1,Normal,train_source
710,1,1,1,Normal,train_source
711,1,1,1,Normal,train_source
712,1,1,1,Normal,train_source
713,1,1,1,Normal,train_source
714,1,1,1,Normal,train_source
715,1,1,1,Normal,train_source
716,2,1,1,Normal,train_source
717,1,1,1,Normal,train_source
718,1,1,1,Normal,train_source
719,1,1,1,Normal,train_source
720,1,1,1,Normal,train_source
721,2,1,1,Normal,train_source
722,1,1,1,Normal,train_source
723,1,1,1,Normal,train_source
724,1,1,1,Normal,train_source
725,1,1,1,Normal,train_source
726,1,1,1,Normal,train_source
727,1,1,1,Normal,train_source
728,1,1,1,Normal,train_source
729,1,1,1,Normal,train_source
730,1,1,1,Normal,train_source
731,1,1,1,Normal,train_source
732,1,1,1,Normal,train_source
733,1,1,1,Normal,train_source
734,1,1,1,Normal,train_source
735,1,1,1,Normal,train_source
736,1,1,1,Normal,train_source
737,1,1,1,Normal,train_source
738,1,1,1,Normal,train_source
739,1,1,1,Normal,train_source
740,1,1,1,Normal,train_source
741,1,1,1,Normal,train_source
742,1,1,1,Normal,train_source
743,1,1,1,Normal,train_source
744,1,1,1,Normal,train_source
745,1,1,1,Normal,train_source
746,1,1,1,Normal,train_source
747,1,1,1,Normal,train_source
748,1,1,1,Normal,train_source
749,1,1,1,Normal,train_source
750,1,1,1,Normal,train_source
751,1,1,1,Normal,train_source
752,1,1,1,Normal,train_source
753,1,1,1,Normal,train_source
754,1,1,1,Normal,train_source
755,1,1,1,Normal,train_source
756,2,1,1,Normal,train_source
757,1,1,1,Normal,train_source
758,1,1,1,Normal,train_source
759,1,1,1,Normal,train_source
760,1,1,1,Normal,train_source
761,1,1,1,Normal,train_source
762,1,1,1,Normal,train_source
763,1,1,1,Normal,train_source
764,1,1,1,Normal,train_source
765,4,1,1,Normal,train_source
766,1,1,1,Normal,train_source
767,1,1,1,Normal,train_source
768,1,1,1,Normal,train_source
769,1,1,1,Normal,train_source
770,1,1,1,Normal,train_source
771,1,1,1,Normal,train_source
772,1,1,1,Normal,train_source
773,1,1,1,Normal,train_source
774,1,1,1,Normal,train_source
775,1,1,1,Normal,train_source
776,1,1,1,Normal,train_source
777,1,1,1,Normal,train_source
778,1,1,1,Normal,train_source
779,1,1,1,Normal,train_source
780,1,1,1,Normal,train_source
781,1,1,1,Normal,train_source
782,1,1,1,Normal,train_source
783,1,1,1,Normal,train_source
784,1,1,1,Normal,train_source
785,1,1,1,Normal,train_source
786,1,1,1,Normal,train_source
787,1,1,1,Normal,train_source
788,1,1,1,Normal,train_source
789,1,1,1,Normal,train_source
790,1,1,1,Normal,train_source
791,1,1,1,Normal,train_source
792,1,1,1,Normal,train_source
793,1,1,1,Normal,train_source
794,4,1,2,Normal,test_source|train_source
795,1,1,1,Normal,train_source
796,1,1,1,Normal,train_source
797,1,1,1,Normal,train_source
798,1,1,1,Normal,train_source
799,1,1,1,Normal,train_source
800,1,1,1,Normal,train_source
801,1,1,1,Normal,train_source
802,1,1,1,Normal,train_source
803,1,1,1,Normal,train_source
804,1,1,1,Normal,train_source
805,1,1,1,Normal,train_source
806,1,1,1,Normal,train_source
807,1,1,1,Normal,train_source
808,1,1,1,Normal,train_source
809,1,1,1,Normal,train_source
810,1,1,1,Normal,train_source
811,1,1,1,Normal,train_source
812,1,1,1,Normal,train_source
813,1,1,1,Normal,train_source
814,1,1,1,Normal,train_source
815,1,1,1,Normal,train_source
816,1,1,1,Normal,train_source
817,1,1,1,Normal,train_source
818,1,1,1,Normal,train_source
819,1,1,1,Normal,train_source
820,1,1,1,Normal,train_source
821,1,1,1,Normal,train_source
822,1,1,1,Normal,train_source
823,1,1,1,Normal,train_source
824,1,1,1,Normal,train_source
825,1,1,1,Normal,train_source
826,1,1,1,Normal,train_source
827,1,1,1,Normal,train_source
828,1,1,1,Normal,train_source
829,1,1,1,Normal,train_source
830,1,1,1,Normal,train_source
831,1,1,1,Normal,train_source
832,3,1,1,Normal,train_source
833,1,1,1,Normal,train_source
834,1,1,1,Normal,train_source
835,1,1,1,Normal,train_source
836,1,1,1,Normal,train_source
837,1,1,1,Normal,train_source
838,1,1,1,Normal,train_source
839,1,1,1,Normal,train_source
840,1,1,1,Normal,train_source
841,1,1,1,Normal,train_source
842,1,1,1,Normal,train_source
843,1,1,1,Normal,train_source
844,1,1,1,Normal,train_source
845,1,1,1,Normal,train_source
846,1,1,1,Normal,train_source
847,1,1,1,Normal,train_source
848,1,1,1,Normal,train_source
849,1,1,1,Normal,train_source
850,1,1,1,Normal,train_source
851,1,1,1,Normal,train_source
852,1,1,1,Normal,train_source
853,1,1,1,Normal,train_source
854,1,1,1,Normal,train_source
855,2,1,1,Normal,train_source
856,1,1,1,Normal,train_source
857,1,1,1,Normal,train_source
858,1,1,1,Normal,train_source
859,1,1,1,Normal,train_source
860,2,1,1,Normal,train_source
861,2,1,1,Normal,train_source
862,1,1,1,Normal,train_source
863,1,1,1,Normal,train_source
864,1,1,1,Normal,train_source
865,1,1,1,Normal,train_source
866,1,1,1,Normal,train_source
867,1,1,1,Normal,train_source
868,1,1,1,Normal,train_source
869,1,1,1,Normal,train_source
870,1,1,1,Normal,train_source
871,1,1,1,Normal,train_source
872,1,1,1,Normal,train_source
873,1,1,1,Normal,train_source
874,1,1,1,Normal,train_source
875,1,1,1,Normal,train_source
876,1,1,1,Normal,train_source
877,1,1,1,Normal,train_source
878,1,1,1,Normal,train_source
879,1,1,1,Normal,train_source
880,1,1,1,Normal,train_source
881,1,1,1,Normal,train_source
882,1,1,1,Normal,train_source
883,1,1,1,Normal,train_source
884,1,1,1,Normal,train_source
885,3,2,1,Normal|Pneumonia,train_source
886,1,1,1,Normal,train_source
887,1,1,1,Normal,train_source
888,1,1,1,Normal,train_source
889,1,1,1,Normal,train_source
890,1,1,1,Normal,train_source
891,1,1,1,Normal,train_source
892,1,1,1,Normal,train_source
893,1,1,1,Normal,train_source
894,1,1,1,Normal,train_source
895,1,1,1,Normal,train_source
896,1,1,1,Normal,train_source
897,1,1,1,Normal,train_source
898,1,1,1,Normal,train_source
899,2,1,1,Normal,train_source
900,1,1,1,Normal,train_source
901,1,1,1,Normal,train_source
902,1,1,1,Normal,train_source
903,1,1,1,Normal,train_source
904,1,1,1,Normal,train_source
905,1,1,1,Normal,train_source
906,1,1,1,Normal,train_source
907,1,1,1,Normal,train_source
908,1,1,1,Normal,train_source
909,1,1,1,Normal,train_source
910,1,1,1,Normal,train_source
911,1,1,1,Normal,train_source
912,1,1,1,Normal,train_source
913,1,1,1,Normal,train_source
914,1,1,1,Normal,train_source
915,1,1,1,Normal,train_source
916,1,1,1,Normal,train_source
917,2,1,1,Normal,train_source
918,1,1,1,Normal,train_source
919,1,1,1,Normal,train_source
920,1,1,1,Normal,train_source
921,1,1,1,Normal,train_source
922,1,1,1,Normal,train_source
923,1,1,1,Normal,train_source
924,1,1,1,Normal,train_source
925,3,1,1,Normal,train_source
926,2,1,1,Normal,train_source
927,1,1,1,Normal,train_source
928,1,1,1,Normal,train_source
929,1,1,1,Normal,train_source
930,1,1,1,Normal,train_source
931,1,1,1,Normal,train_source
932,1,1,1,Normal,train_source
933,1,1,1,Normal,train_source
934,1,1,1,Normal,train_source
935,1,1,1,Normal,train_source
936,1,1,1,Normal,train_source
937,1,1,1,Normal,train_source
938,1,1,1,Normal,train_source
939,2,1,1,Normal,train_source
940,1,1,1,Normal,train_source
941,1,1,1,Normal,train_source
942,1,1,1,Normal,train_source
943,1,1,1,Normal,train_source
944,1,1,1,Normal,train_source
945,1,1,1,Normal,train_source
946,1,1,1,Normal,train_source
947,1,1,1,Normal,train_source
948,1,1,1,Normal,train_source
949,1,1,1,Normal,train_source
950,1,1,1,Normal,train_source
951,1,1,1,Normal,train_source
952,1,1,1,Normal,train_source
953,2,1,1,Normal,train_source
954,1,1,1,Normal,train_source
955,1,1,1,Normal,train_source
956,2,1,1,Normal,train_source
957,2,1,1,Normal,train_source
958,2,1,1,Normal,train_source
959,1,1,1,Normal,train_source
960,1,1,1,Normal,train_source
961,1,1,1,Normal,train_source
962,1,1,1,Normal,train_source
963,1,1,1,Normal,train_source
964,2,1,1,Normal,train_source
965,1,1,1,Normal,train_source
966,1,1,1,Normal,train_source
967,1,1,1,Normal,train_source
968,1,1,1,Normal,train_source
969,1,1,1,Normal,train_source
970,2,1,1,Normal,train_source
971,1,1,1,Normal,train_source
972,1,1,1,Normal,train_source
973,2,1,1,Normal,train_source
974,2,1,1,Normal,train_source
975,1,1,1,Normal,train_source
976,1,1,1,Normal,train_source
977,1,1,1,Normal,train_source
978,1,1,1,Normal,train_source
979,1,1,1,Normal,train_source
980,1,1,1,Normal,train_source
981,1,1,1,Normal,train_source
982,1,1,1,Normal,train_source
983,1,1,1,Normal,train_source
984,1,1,1,Normal,train_source
985,1,1,1,Normal,train_source
986,1,1,1,Normal,train_source
987,1,1,1,Normal,train_source
988,1,1,1,Normal,train_source
989,1,1,1,Normal,train_source
990,1,1,1,Normal,train_source
991,2,1,1,Normal,train_source
992,1,1,1,Normal,train_source
993,1,1,1,Normal,train_source
994,1,1,1,Normal,train_source
995,1,1,1,Normal,train_source
996,1,1,1,Normal,train_source
997,1,1,1,Normal,train_source
998,1,1,1,Normal,train_source
999,1,1,1,Normal,train_source
1000,1,1,1,Normal,train_source
1001,1,1,1,Normal,train_source
1002,1,1,1,Normal,train_source
1003,1,1,1,Normal,train_source
1004,1,1,1,Normal,train_source
1005,1,1,1,Normal,train_source
1006,1,1,1,Normal,train_source
1007,1,1,1,Normal,train_source
1008,1,1,1,Normal,train_source
1009,1,1,1,Normal,train_source
1010,1,1,1,Normal,train_source
1011,1,1,1,Normal,train_source
1012,1,1,1,Normal,train_source
1013,2,1,1,Normal,train_source
1014,1,1,1,Normal,train_source
1015,1,1,1,Normal,train_source
1016,1,1,1,Normal,train_source
1017,1,1,1,Normal,train_source
1018,1,1,1,Normal,train_source
1019,1,1,1,Normal,train_source
1020,1,1,1,Normal,train_source
1021,1,1,1,Normal,train_source
1022,1,1,1,Normal,train_source
1023,1,1,1,Normal,train_source
1024,1,1,1,Normal,train_source
1025,1,1,1,Normal,train_source
1026,1,1,1,Normal,train_source
1027,1,1,1,Normal,train_source
1028,1,1,1,Normal,train_source
1029,1,1,1,Normal,train_source
1030,1,1,1,Normal,train_source
1031,1,1,1,Normal,train_source
1032,2,1,1,Normal,train_source
1033,1,1,1,Normal,train_source
1034,1,1,1,Normal,train_source
1035,1,1,1,Normal,train_source
1036,2,1,1,Normal,train_source
1037,1,1,1,Normal,train_source
1038,1,1,1,Normal,train_source
1039,1,1,1,Normal,train_source
1040,1,1,1,Normal,train_source
1041,1,1,1,Normal,train_source
1042,1,1,1,Normal,train_source
1043,1,1,1,Normal,train_source
1044,1,1,1,Normal,train_source
1045,1,1,1,Normal,train_source
1046,1,1,1,Normal,train_source
1047,1,1,1,Normal,train_source
1048,1,1,1,Normal,train_source
1049,1,1,1,Normal,train_source
1050,1,1,1,Normal,train_source
1051,1,1,1,Normal,train_source
1052,1,1,1,Normal,train_source
1053,1,1,1,Normal,train_source
1054,1,1,1,Normal,train_source
1055,1,1,1,Normal,train_source
1056,1,1,1,Normal,train_source
1057,1,1,1,Normal,train_source
1058,1,1,1,Normal,train_source
1059,1,1,1,Normal,train_source
1060,1,1,1,Normal,train_source
1061,1,1,1,Normal,train_source
1062,1,1,1,Normal,train_source
1063,1,1,1,Normal,train_source
1064,1,1,1,Normal,train_source
1065,1,1,1,Normal,train_source
1066,1,1,1,Normal,train_source
1067,1,1,1,Normal,train_source
1068,1,1,1,Normal,train_source
1069,2,1,1,Normal,train_source
1070,1,1,1,Normal,train_source
1071,1,1,1,Normal,train_source
1072,1,1,1,Normal,train_source
1073,1,1,1,Normal,train_source
1074,1,1,1,Normal,train_source
1075,1,1,1,Normal,train_source
1076,1,1,1,Normal,train_source
1077,1,1,1,Normal,train_source
1078,1,1,1,Normal,train_source
1079,1,1,1,Normal,train_source
1080,1,1,1,Normal,train_source
1081,1,1,1,Normal,train_source
1082,1,1,1,Normal,train_source
1083,1,1,1,Normal,train_source
1084,2,1,1,Normal,train_source
1085,1,1,1,Normal,train_source
1086,1,1,1,Normal,train_source
1087,1,1,1,Normal,train_source
1088,1,1,1,Normal,train_source
1089,1,1,1,Normal,train_source
1090,1,1,1,Normal,train_source
1091,1,1,1,Normal,train_source
1092,1,1,1,Normal,train_source
1093,1,1,1,Normal,train_source
1094,1,1,1,Normal,train_source
1095,1,1,1,Normal,train_source
1096,1,1,1,Normal,train_source
1097,1,1,1,Normal,train_source
1098,1,1,1,Normal,train_source
1099,1,1,1,Normal,train_source
1100,1,1,1,Normal,train_source
1101,1,1,1,Normal,train_source
1102,2,1,1,Normal,train_source
1103,1,1,1,Normal,train_source
1104,1,1,1,Normal,train_source
1105,1,1,1,Normal,train_source
1106,1,1,1,Normal,train_source
1107,1,1,1,Normal,train_source
1108,1,1,1,Normal,train_source
1109,1,1,1,Normal,train_source
1110,1,1,1,Normal,train_source
1111,1,1,1,Normal,train_source
1112,1,1,1,Normal,train_source
1113,1,1,1,Normal,train_source
1114,1,1,1,Normal,train_source
1115,1,1,1,Normal,train_source
1116,1,1,1,Normal,train_source
1117,1,1,1,Normal,train_source
1118,1,1,1,Normal,train_source
1119,1,1,1,Normal,train_source
1120,1,1,1,Normal,train_source
1121,1,1,1,Normal,train_source
1122,1,1,1,Normal,train_source
1123,1,1,1,Normal,train_source
1124,1,1,1,Normal,train_source
1125,1,1,1,Normal,train_source
1126,1,1,1,Normal,train_source
1127,1,1,1,Normal,train_source
1128,1,1,1,Normal,train_source
1129,1,1,1,Normal,train_source
1130,1,1,1,Normal,train_source
1131,1,1,1,Normal,train_source
1132,1,1,1,Normal,train_source
1133,1,1,1,Normal,train_source
1134,1,1,1,Normal,train_source
1135,1,1,1,Normal,train_source
1136,1,1,1,Normal,train_source
1137,1,1,1,Normal,train_source
1138,1,1,1,Normal,train_source
1139,1,1,1,Normal,train_source
1140,1,1,1,Normal,train_source
1141,1,1,1,Normal,train_source
1142,1,1,1,Normal,train_source
1143,1,1,1,Normal,train_source
1144,1,1,1,Normal,train_source
1145,1,1,1,Normal,train_source
1146,1,1,1,Normal,train_source
1147,1,1,1,Normal,train_source
1148,1,1,1,Normal,train_source
1149,1,1,1,Normal,train_source
1150,1,1,1,Normal,train_source
1151,1,1,1,Normal,train_source
1152,1,1,1,Normal,train_source
1153,1,1,1,Normal,train_source
1154,1,1,1,Normal,train_source
1155,1,1,1,Normal,train_source
1156,1,1,1,Normal,train_source
1157,1,1,1,Normal,train_source
1158,1,1,1,Normal,train_source
1159,1,1,1,Normal,train_source
1160,2,1,1,Normal,train_source
1161,1,1,1,Normal,train_source
1162,1,1,1,Normal,train_source
1163,1,1,1,Normal,train_source
1164,1,1,1,Normal,train_source
1165,1,1,1,Normal,train_source
1166,1,1,1,Normal,train_source
1167,1,1,1,Normal,train_source
1168,1,1,1,Normal,train_source
1169,1,1,1,Normal,train_source
1170,1,1,1,Normal,train_source
1171,1,1,1,Normal,train_source
1172,1,1,1,Normal,train_source
1173,2,1,1,Normal,train_source
1174,1,1,1,Normal,train_source
1175,1,1,1,Normal,train_source
1176,1,1,1,Normal,train_source
1177,1,1,1,Normal,train_source
1178,1,1,1,Normal,train_source
1179,1,1,1,Normal,train_source
1180,1,1,1,Normal,train_source
1181,1,1,1,Normal,train_source
1182,2,1,1,Normal,train_source
1183,1,1,1,Normal,train_source
1184,1,1,1,Normal,train_source
1185,1,1,1,Normal,train_source
1186,1,1,1,Normal,train_source
1187,1,1,1,Normal,train_source
1188,2,1,1,Normal,train_source
1189,1,1,1,Normal,train_source
1190,1,1,1,Normal,train_source
1191,2,1,1,Normal,train_source
1192,1,1,1,Normal,train_source
1193,1,1,1,Normal,train_source
1194,1,1,1,Normal,train_source
1195,1,1,1,Normal,train_source
1196,1,1,1,Normal,train_source
1197,1,1,1,Normal,train_source
1198,1,1,1,Normal,train_source
1199,1,1,1,Normal,train_source
1200,1,1,1,Pneumonia,train_source
1201,1,1,1,Pneumonia,train_source
1202,1,1,1,Pneumonia,train_source
1203,1,1,1,Pneumonia,train_source
1204,1,1,1,Pneumonia,train_source
1205,1,1,1,Pneumonia,train_source
1206,1,1,1,Pneumonia,train_source
1207,1,1,1,Pneumonia,train_source
1208,1,1,1,Pneumonia,train_source
1209,1,1,1,Pneumonia,train_source
1210,1,1,1,Pneumonia,train_source
1211,1,1,1,Pneumonia,train_source
1212,1,1,1,Pneumonia,train_source
1213,1,1,1,Pneumonia,train_source
1214,1,1,1,Pneumonia,train_source
1215,1,1,1,Pneumonia,train_source
1216,1,1,1,Pneumonia,train_source
1217,1,1,1,Pneumonia,train_source
1218,1,1,1,Pneumonia,train_source
1219,1,1,1,Pneumonia,train_source
1220,1,1,1,Pneumonia,train_source
1221,1,1,1,Pneumonia,train_source
1222,1,1,1,Pneumonia,train_source
1223,1,1,1,Pneumonia,train_source
1224,1,1,1,Pneumonia,train_source
1225,1,1,1,Pneumonia,train_source
1226,1,1,1,Pneumonia,train_source
1227,1,1,1,Pneumonia,train_source
1228,1,1,1,Pneumonia,train_source
1229,1,1,1,Pneumonia,train_source
1230,1,1,1,Pneumonia,train_source
1231,1,1,1,Pneumonia,train_source
1232,1,1,1,Pneumonia,train_source
1233,1,1,1,Pneumonia,train_source
1234,1,1,1,Pneumonia,train_source
1235,1,1,1,Pneumonia,train_source
1236,1,1,1,Pneumonia,train_source
1237,1,1,1,Pneumonia,train_source
1238,1,1,1,Pneumonia,train_source
1239,1,1,1,Pneumonia,train_source
1240,1,1,1,Pneumonia,train_source
1241,1,1,1,Pneumonia,train_source
1242,1,1,1,Pneumonia,train_source
1243,1,1,1,Pneumonia,train_source
1244,1,1,1,Pneumonia,train_source
1245,1,1,1,Pneumonia,train_source
1246,1,1,1,Pneumonia,train_source
1247,1,1,1,Pneumonia,train_source
1248,1,1,1,Pneumonia,train_source
1249,1,1,1,Pneumonia,train_source
1250,1,1,1,Pneumonia,train_source
1251,1,1,1,Pneumonia,train_source
1252,1,1,1,Pneumonia,train_source
1253,1,1,1,Pneumonia,train_source
1254,1,1,1,Pneumonia,train_source
1255,1,1,1,Pneumonia,train_source
1256,1,1,1,Pneumonia,train_source
1257,1,1,1,Pneumonia,train_source
1258,1,1,1,Pneumonia,train_source
1259,1,1,1,Pneumonia,train_source
1260,1,1,1,Pneumonia,train_source
1261,1,1,1,Pneumonia,train_source
1262,1,1,1,Pneumonia,train_source
1263,1,1,1,Pneumonia,train_source
1264,1,1,1,Pneumonia,train_source
1265,1,1,1,Pneumonia,train_source
1266,1,1,1,Pneumonia,train_source
1267,1,1,1,Pneumonia,train_source
1268,1,1,1,Pneumonia,train_source
1269,1,1,1,Pneumonia,train_source
1270,1,1,1,Pneumonia,train_source
1271,1,1,1,Pneumonia,train_source
1272,1,1,1,Pneumonia,train_source
1273,1,1,1,Pneumonia,train_source
1274,1,1,1,Pneumonia,train_source
1275,1,1,1,Pneumonia,train_source
1276,1,1,1,Pneumonia,train_source
1277,1,1,1,Pneumonia,train_source
1278,1,1,1,Pneumonia,train_source
1279,1,1,1,Pneumonia,train_source
1280,1,1,1,Pneumonia,train_source
1281,1,1,1,Pneumonia,train_source
1282,1,1,1,Pneumonia,train_source
1283,1,1,1,Pneumonia,train_source
1284,1,1,1,Pneumonia,train_source
1285,1,1,1,Pneumonia,train_source
1286,1,1,1,Pneumonia,train_source
1287,1,1,1,Pneumonia,train_source
1288,1,1,1,Pneumonia,train_source
1289,1,1,1,Pneumonia,train_source
1290,1,1,1,Pneumonia,train_source
1291,1,1,1,Pneumonia,train_source
1292,1,1,1,Pneumonia,train_source
1293,1,1,1,Pneumonia,train_source
1294,1,1,1,Pneumonia,train_source
1295,1,1,1,Pneumonia,train_source
1296,1,1,1,Pneumonia,train_source
1297,1,1,1,Pneumonia,train_source
1298,1,1,1,Pneumonia,train_source
1299,1,1,1,Pneumonia,train_source
1300,1,1,1,Pneumonia,train_source
1301,1,1,1,Pneumonia,train_source
1302,1,1,1,Pneumonia,train_source
1303,1,1,1,Pneumonia,train_source
1304,1,1,1,Pneumonia,train_source
1305,1,1,1,Pneumonia,train_source
1306,1,1,1,Pneumonia,train_source
1307,1,1,1,Pneumonia,train_source
1308,1,1,1,Pneumonia,train_source
1309,1,1,1,Pneumonia,train_source
1310,1,1,1,Pneumonia,train_source
1311,1,1,1,Pneumonia,train_source
1312,1,1,1,Pneumonia,train_source
1313,1,1,1,Pneumonia,train_source
1314,1,1,1,Pneumonia,train_source
1315,1,1,1,Pneumonia,train_source
1316,1,1,1,Pneumonia,train_source
1317,1,1,1,Pneumonia,train_source
1318,1,1,1,Pneumonia,train_source
1319,1,1,1,Pneumonia,train_source
1320,1,1,1,Pneumonia,train_source
1321,1,1,1,Pneumonia,train_source
1322,1,1,1,Pneumonia,train_source
1323,1,1,1,Pneumonia,train_source
1324,1,1,1,Pneumonia,train_source
1325,1,1,1,Pneumonia,train_source
1326,1,1,1,Pneumonia,train_source
1327,1,1,1,Pneumonia,train_source
1328,1,1,1,Pneumonia,train_source
1329,1,1,1,Pneumonia,train_source
1330,1,1,1,Pneumonia,train_source
1331,1,1,1,Pneumonia,train_source
1332,1,1,1,Pneumonia,train_source
1333,1,1,1,Pneumonia,train_source
1334,1,1,1,Pneumonia,train_source
1335,1,1,1,Pneumonia,train_source
1336,1,1,1,Pneumonia,train_source
1337,1,1,1,Pneumonia,train_source
1338,1,1,1,Pneumonia,train_source
1339,1,1,1,Pneumonia,train_source
1340,1,1,1,Pneumonia,train_source
1341,1,1,1,Pneumonia,train_source
1342,1,1,1,Pneumonia,train_source
1343,1,1,1,Pneumonia,train_source
1344,1,1,1,Pneumonia,train_source
1345,1,1,1,Pneumonia,train_source
1346,1,1,1,Pneumonia,train_source
1347,1,1,1,Pneumonia,train_source
1348,1,1,1,Pneumonia,train_source
1349,1,1,1,Pneumonia,train_source
1350,1,1,1,Pneumonia,train_source
1351,1,1,1,Pneumonia,train_source
1352,1,1,1,Pneumonia,train_source
1353,1,1,1,Pneumonia,train_source
1354,1,1,1,Pneumonia,train_source
1355,1,1,1,Pneumonia,train_source
1356,1,1,1,Pneumonia,train_source
1357,1,1,1,Pneumonia,train_source
1358,1,1,1,Pneumonia,train_source
1359,1,1,1,Pneumonia,train_source
1360,1,1,1,Pneumonia,train_source
1361,1,1,1,Pneumonia,train_source
1362,1,1,1,Pneumonia,train_source
1363,1,1,1,Pneumonia,train_source
1364,1,1,1,Pneumonia,train_source
1365,1,1,1,Pneumonia,train_source
1366,1,1,1,Pneumonia,train_source
1367,2,1,1,Pneumonia,train_source
1368,1,1,1,Pneumonia,train_source
1369,1,1,1,Pneumonia,train_source
1370,1,1,1,Pneumonia,train_source
1371,1,1,1,Pneumonia,train_source
1372,1,1,1,Pneumonia,train_source
1373,1,1,1,Pneumonia,train_source
1374,1,1,1,Pneumonia,train_source
1375,1,1,1,Pneumonia,train_source
1376,1,1,1,Pneumonia,train_source
1377,2,1,1,Pneumonia,train_source
1378,1,1,1,Pneumonia,train_source
1379,1,1,1,Pneumonia,train_source
1380,1,1,1,Pneumonia,train_source
1381,1,1,1,Pneumonia,train_source
1382,1,1,1,Pneumonia,train_source
1383,1,1,1,Pneumonia,train_source
1384,1,1,1,Pneumonia,train_source
1385,1,1,1,Pneumonia,train_source
1386,1,1,1,Pneumonia,train_source
1387,1,1,1,Pneumonia,train_source
1388,1,1,1,Pneumonia,train_source
1389,1,1,1,Pneumonia,train_source
1390,1,1,1,Pneumonia,train_source
1391,1,1,1,Pneumonia,train_source
1392,1,1,1,Pneumonia,train_source
1393,1,1,1,Pneumonia,train_source
1394,1,1,1,Pneumonia,train_source
1395,1,1,1,Pneumonia,train_source
1396,1,1,1,Pneumonia,train_source
1397,1,1,1,Pneumonia,train_source
1398,1,1,1,Pneumonia,train_source
1399,1,1,1,Pneumonia,train_source
1400,1,1,1,Pneumonia,train_source
1401,1,1,1,Pneumonia,train_source
1402,1,1,1,Pneumonia,train_source
1403,1,1,1,Pneumonia,train_source
1404,1,1,1,Pneumonia,train_source
1405,1,1,1,Pneumonia,train_source
1406,1,1,1,Pneumonia,train_source
1407,1,1,1,Pneumonia,train_source
1408,1,1,1,Pneumonia,train_source
1409,1,1,1,Pneumonia,train_source
1410,1,1,1,Pneumonia,train_source
1411,1,1,1,Pneumonia,train_source
1412,1,1,1,Pneumonia,train_source
1413,1,1,1,Pneumonia,train_source
1414,1,1,1,Pneumonia,train_source
1415,1,1,1,Pneumonia,train_source
1416,1,1,1,Pneumonia,train_source
1417,1,1,1,Pneumonia,train_source
1418,1,1,1,Pneumonia,train_source
1419,1,1,1,Pneumonia,train_source
1420,1,1,1,Pneumonia,train_source
1421,1,1,1,Pneumonia,train_source
1422,1,1,1,Pneumonia,train_source
1423,1,1,1,Pneumonia,train_source
1424,1,1,1,Pneumonia,train_source
1425,1,1,1,Pneumonia,train_source
1426,1,1,1,Pneumonia,train_source
1427,1,1,1,Pneumonia,train_source
1428,1,1,1,Pneumonia,train_source
1429,1,1,1,Pneumonia,train_source
1430,1,1,1,Pneumonia,train_source
1431,1,1,1,Pneumonia,train_source
1432,1,1,1,Pneumonia,train_source
1433,1,1,1,Pneumonia,train_source
1434,1,1,1,Pneumonia,train_source
1435,1,1,1,Pneumonia,train_source
1436,1,1,1,Pneumonia,train_source
1437,2,2,1,Normal|Pneumonia,train_source
1438,1,1,1,Pneumonia,train_source
1439,1,1,1,Pneumonia,train_source
1440,1,1,1,Pneumonia,train_source
1441,1,1,1,Pneumonia,train_source
1442,1,1,1,Pneumonia,train_source
1443,1,1,1,Pneumonia,train_source
1444,1,1,1,Pneumonia,train_source
1445,1,1,1,Pneumonia,train_source
1446,1,1,1,Pneumonia,train_source
1447,1,1,1,Pneumonia,train_source
1448,2,2,1,Normal|Pneumonia,train_source
1449,1,1,1,Pneumonia,train_source
1450,1,1,1,Pneumonia,train_source
1451,1,1,1,Pneumonia,train_source
1452,1,1,1,Pneumonia,train_source
1453,1,1,1,Pneumonia,train_source
1454,2,1,1,Pneumonia,train_source
1455,1,1,1,Pneumonia,train_source
1456,1,1,1,Pneumonia,train_source
1457,1,1,1,Pneumonia,train_source
1458,1,1,1,Pneumonia,train_source
1459,1,1,1,Pneumonia,train_source
1460,1,1,1,Pneumonia,train_source
1461,1,1,1,Pneumonia,train_source
1462,1,1,1,Pneumonia,train_source
1463,1,1,1,Pneumonia,train_source
1464,1,1,1,Pneumonia,train_source
1465,1,1,1,Pneumonia,train_source
1466,1,1,1,Pneumonia,train_source
1467,1,1,1,Pneumonia,train_source
1468,1,1,1,Pneumonia,train_source
1469,1,1,1,Pneumonia,train_source
1470,1,1,1,Pneumonia,train_source
1471,2,1,1,Pneumonia,train_source
1472,1,1,1,Pneumonia,train_source
1473,1,1,1,Pneumonia,train_source
1474,1,1,1,Pneumonia,train_source
1475,1,1,1,Pneumonia,train_source
1476,1,1,1,Pneumonia,train_source
1477,1,1,1,Pneumonia,train_source
1478,1,1,1,Pneumonia,train_source
1479,1,1,1,Pneumonia,train_source
1480,1,1,1,Pneumonia,train_source
1481,1,1,1,Pneumonia,train_source
1482,1,1,1,Pneumonia,train_source
1483,1,1,1,Pneumonia,train_source
1484,1,1,1,Pneumonia,train_source
1485,1,1,1,Pneumonia,train_source
1486,1,1,1,Pneumonia,train_source
1487,1,1,1,Pneumonia,train_source
1488,1,1,1,Pneumonia,train_source
1489,1,1,1,Pneumonia,train_source
1490,1,1,1,Pneumonia,train_source
1491,1,1,1,Pneumonia,train_source
1492,1,1,1,Pneumonia,train_source
1493,1,1,1,Pneumonia,train_source
1494,1,1,1,Pneumonia,train_source
1495,1,1,1,Pneumonia,train_source
1496,1,1,1,Pneumonia,train_source
1497,1,1,1,Pneumonia,train_source
1498,1,1,1,Pneumonia,train_source
1499,1,1,1,Pneumonia,train_source
1500,1,1,1,Pneumonia,train_source
1501,1,1,1,Pneumonia,train_source
1502,1,1,1,Pneumonia,train_source
1503,1,1,1,Pneumonia,train_source
1504,1,1,1,Pneumonia,train_source
1505,1,1,1,Pneumonia,train_source
1506,1,1,1,Pneumonia,train_source
1507,1,1,1,Pneumonia,train_source
1508,1,1,1,Pneumonia,train_source
1509,1,1,1,Pneumonia,train_source
1510,1,1,1,Pneumonia,train_source
1511,1,1,1,Pneumonia,train_source
1512,1,1,1,Pneumonia,train_source
1513,1,1,1,Pneumonia,train_source
1514,1,1,1,Pneumonia,train_source
1515,1,1,1,Pneumonia,train_source
1516,1,1,1,Pneumonia,train_source
1517,1,1,1,Pneumonia,train_source
1518,1,1,1,Pneumonia,train_source
1519,1,1,1,Pneumonia,train_source
1520,1,1,1,Pneumonia,train_source
1521,1,1,1,Pneumonia,train_source
1522,1,1,1,Pneumonia,train_source
1523,1,1,1,Pneumonia,train_source
1524,1,1,1,Pneumonia,train_source
1525,1,1,1,Pneumonia,train_source
1526,1,1,1,Pneumonia,train_source
1527,1,1,1,Pneumonia,train_source
1528,1,1,1,Pneumonia,train_source
1529,1,1,1,Pneumonia,train_source
1530,1,1,1,Pneumonia,train_source
1531,1,1,1,Pneumonia,train_source
1532,1,1,1,Pneumonia,train_source
1533,1,1,1,Pneumonia,train_source
1534,1,1,1,Pneumonia,train_source
1535,1,1,1,Pneumonia,train_source
1536,1,1,1,Pneumonia,train_source
1537,1,1,1,Pneumonia,train_source
1538,1,1,1,Pneumonia,train_source
1539,1,1,1,Pneumonia,train_source
1540,1,1,1,Pneumonia,train_source
1541,1,1,1,Pneumonia,train_source
1542,1,1,1,Pneumonia,train_source
1543,1,1,1,Pneumonia,train_source
1544,1,1,1,Pneumonia,train_source
1545,1,1,1,Pneumonia,train_source
1546,1,1,1,Pneumonia,train_source
1547,1,1,1,Pneumonia,train_source
1548,1,1,1,Pneumonia,train_source
1549,1,1,1,Pneumonia,train_source
1550,1,1,1,Pneumonia,train_source
1551,1,1,1,Pneumonia,train_source
1552,1,1,1,Pneumonia,train_source
1553,1,1,1,Pneumonia,train_source
1554,1,1,1,Pneumonia,train_source
1555,1,1,1,Pneumonia,train_source
1556,1,1,1,Pneumonia,train_source
1557,1,1,1,Pneumonia,train_source
1558,1,1,1,Pneumonia,train_source
1559,1,1,1,Pneumonia,train_source
1560,1,1,1,Pneumonia,train_source
1561,1,1,1,Pneumonia,train_source
1562,1,1,1,Pneumonia,train_source
1563,1,1,1,Pneumonia,train_source
1564,1,1,1,Pneumonia,train_source
1565,1,1,1,Pneumonia,train_source
1566,1,1,1,Pneumonia,train_source
1567,1,1,1,Pneumonia,train_source
1568,1,1,1,Pneumonia,train_source
1569,1,1,1,Pneumonia,train_source
1570,1,1,1,Pneumonia,train_source
1571,1,1,1,Pneumonia,train_source
1572,1,1,1,Pneumonia,train_source
1573,1,1,1,Pneumonia,train_source
1574,1,1,1,Pneumonia,train_source
1575,1,1,1,Pneumonia,train_source
1576,1,1,1,Pneumonia,train_source
1577,1,1,1,Pneumonia,train_source
1578,1,1,1,Pneumonia,train_source
1579,1,1,1,Pneumonia,train_source
1580,1,1,1,Pneumonia,train_source
1581,1,1,1,Pneumonia,train_source
1582,1,1,1,Pneumonia,train_source
1583,1,1,1,Pneumonia,train_source
1584,1,1,1,Pneumonia,train_source
1585,1,1,1,Pneumonia,train_source
1586,1,1,1,Pneumonia,train_source
1587,1,1,1,Pneumonia,train_source
1588,1,1,1,Pneumonia,train_source
1589,1,1,1,Pneumonia,train_source
1590,1,1,1,Pneumonia,train_source
1591,1,1,1,Pneumonia,train_source
1592,1,1,1,Pneumonia,train_source
1593,1,1,1,Pneumonia,train_source
1594,1,1,1,Pneumonia,train_source
1595,1,1,1,Pneumonia,train_source
1596,1,1,1,Pneumonia,train_source
1597,1,1,1,Pneumonia,train_source
1598,1,1,1,Pneumonia,train_source
1599,1,1,1,Pneumonia,train_source
1600,1,1,1,Pneumonia,train_source
1601,1,1,1,Pneumonia,train_source
1602,1,1,1,Pneumonia,train_source
1603,1,1,1,Pneumonia,train_source
1604,1,1,1,Pneumonia,train_source
1605,1,1,1,Pneumonia,train_source
1606,1,1,1,Pneumonia,train_source
1607,1,1,1,Pneumonia,train_source
1608,1,1,1,Pneumonia,train_source
1609,1,1,1,Pneumonia,train_source
1610,1,1,1,Pneumonia,train_source
1611,1,1,1,Pneumonia,train_source
1612,1,1,1,Pneumonia,train_source
1613,1,1,1,Pneumonia,train_source
1614,1,1,1,Pneumonia,train_source
1615,1,1,1,Pneumonia,train_source
1616,1,1,1,Pneumonia,train_source
1617,1,1,1,Pneumonia,train_source
1618,1,1,1,Pneumonia,train_source
1619,1,1,1,Pneumonia,train_source
1620,1,1,1,Pneumonia,train_source
1621,1,1,1,Pneumonia,train_source
1622,1,1,1,Pneumonia,train_source
1623,1,1,1,Pneumonia,train_source
1624,1,1,1,Pneumonia,train_source
1625,1,1,1,Pneumonia,train_source
1626,1,1,1,Pneumonia,train_source
1627,1,1,1,Pneumonia,train_source
1628,1,1,1,Pneumonia,train_source
1629,1,1,1,Pneumonia,train_source
1630,1,1,1,Pneumonia,train_source
1631,1,1,1,Pneumonia,train_source
1632,1,1,1,Pneumonia,train_source
1633,1,1,1,Pneumonia,train_source
1634,1,1,1,Pneumonia,train_source
1635,1,1,1,Pneumonia,train_source
1636,1,1,1,Pneumonia,train_source
1637,1,1,1,Pneumonia,train_source
1638,1,1,1,Pneumonia,train_source
1639,1,1,1,Pneumonia,train_source
1640,1,1,1,Pneumonia,train_source
1641,1,1,1,Pneumonia,train_source
1642,1,1,1,Pneumonia,train_source
1643,1,1,1,Pneumonia,train_source
1644,1,1,1,Pneumonia,train_source
1645,1,1,1,Pneumonia,train_source
1646,2,1,1,Pneumonia,train_source
1647,1,1,1,Pneumonia,train_source
1648,1,1,1,Pneumonia,train_source
1649,1,1,1,Pneumonia,train_source
1650,1,1,1,Pneumonia,train_source
1651,1,1,1,Pneumonia,train_source
1652,1,1,1,Pneumonia,train_source
1653,1,1,1,Pneumonia,train_source
1654,1,1,1,Pneumonia,train_source
1655,1,1,1,Pneumonia,train_source
1656,1,1,1,Pneumonia,train_source
1657,1,1,1,Pneumonia,train_source
1658,1,1,1,Pneumonia,train_source
1659,1,1,1,Pneumonia,train_source
1660,1,1,1,Pneumonia,train_source
1661,1,1,1,Pneumonia,train_source
1662,1,1,1,Pneumonia,train_source
1663,1,1,1,Pneumonia,train_source
1664,1,1,1,Pneumonia,train_source
1665,1,1,1,Pneumonia,train_source
1666,1,1,1,Pneumonia,train_source
1667,1,1,1,Pneumonia,train_source
1668,1,1,1,Pneumonia,train_source
1669,1,1,1,Pneumonia,train_source
1670,1,1,1,Pneumonia,train_source
1671,1,1,1,Pneumonia,train_source
1672,1,1,1,Pneumonia,train_source
1673,1,1,1,Pneumonia,train_source
1674,1,1,1,Pneumonia,train_source
1675,1,1,1,Pneumonia,train_source
1676,1,1,1,Pneumonia,train_source
1677,1,1,1,Pneumonia,train_source
1678,1,1,1,Pneumonia,train_source
1679,1,1,1,Pneumonia,train_source
1680,1,1,1,Pneumonia,train_source
1681,1,1,1,Pneumonia,train_source
1682,1,1,1,Pneumonia,train_source
1683,1,1,1,Pneumonia,train_source
1684,1,1,1,Pneumonia,train_source
1685,1,1,1,Pneumonia,train_source
1686,1,1,1,Pneumonia,train_source
1687,1,1,1,Pneumonia,train_source
1688,1,1,1,Pneumonia,train_source
1689,1,1,1,Pneumonia,train_source
1690,1,1,1,Pneumonia,train_source
1691,1,1,1,Pneumonia,train_source
1692,1,1,1,Pneumonia,train_source
1693,1,1,1,Pneumonia,train_source
1694,1,1,1,Pneumonia,train_source
1695,1,1,1,Pneumonia,train_source
1696,1,1,1,Pneumonia,train_source
1697,1,1,1,Pneumonia,train_source
1698,1,1,1,Pneumonia,train_source
1699,1,1,1,Pneumonia,train_source
1700,1,1,1,Pneumonia,train_source
1701,1,1,1,Pneumonia,train_source
1702,1,1,1,Pneumonia,train_source
1703,1,1,1,Pneumonia,train_source
1704,1,1,1,Pneumonia,train_source
1705,1,1,1,Pneumonia,train_source
1706,1,1,1,Pneumonia,train_source
1707,2,1,1,Pneumonia,train_source
1708,1,1,1,Pneumonia,train_source
1709,1,1,1,Pneumonia,train_source
1710,1,1,1,Pneumonia,train_source
1711,1,1,1,Pneumonia,train_source
1712,1,1,1,Pneumonia,train_source
1713,1,1,1,Pneumonia,train_source
1714,1,1,1,Pneumonia,train_source
1715,1,1,1,Pneumonia,train_source
1716,1,1,1,Pneumonia,train_source
1717,1,1,1,Pneumonia,train_source
1718,1,1,1,Pneumonia,train_source
1719,1,1,1,Pneumonia,train_source
1720,1,1,1,Pneumonia,train_source
1721,1,1,1,Pneumonia,train_source
1722,1,1,1,Pneumonia,train_source
1723,1,1,1,Pneumonia,train_source
1724,1,1,1,Pneumonia,train_source
1725,1,1,1,Pneumonia,train_source
1726,1,1,1,Pneumonia,train_source
1727,1,1,1,Pneumonia,train_source
1728,1,1,1,Pneumonia,train_source
1729,1,1,1,Pneumonia,train_source
1730,1,1,1,Pneumonia,train_source
1731,1,1,1,Pneumonia,train_source
1732,1,1,1,Pneumonia,train_source
1733,1,1,1,Pneumonia,train_source
1734,1,1,1,Pneumonia,train_source
1735,1,1,1,Pneumonia,train_source
1736,1,1,1,Pneumonia,train_source
1737,1,1,1,Pneumonia,train_source
1738,1,1,1,Pneumonia,train_source
1739,1,1,1,Pneumonia,train_source
1740,1,1,1,Pneumonia,train_source
1741,1,1,1,Pneumonia,train_source
1742,1,1,1,Pneumonia,train_source
1743,1,1,1,Pneumonia,train_source
1744,1,1,1,Pneumonia,train_source
1745,1,1,1,Pneumonia,train_source
1746,1,1,1,Pneumonia,train_source
1747,1,1,1,Pneumonia,train_source
1748,1,1,1,Pneumonia,train_source
1749,1,1,1,Pneumonia,train_source
1750,1,1,1,Pneumonia,train_source
1751,1,1,1,Pneumonia,train_source
1752,1,1,1,Pneumonia,train_source
1753,1,1,1,Pneumonia,train_source
1754,1,1,1,Pneumonia,train_source
1755,1,1,1,Pneumonia,train_source
1756,1,1,1,Pneumonia,train_source
1757,1,1,1,Pneumonia,train_source
1758,1,1,1,Pneumonia,train_source
1759,1,1,1,Pneumonia,train_source
1760,1,1,1,Pneumonia,train_source
1761,1,1,1,Pneumonia,train_source
1762,1,1,1,Pneumonia,train_source
1763,1,1,1,Pneumonia,train_source
1764,1,1,1,Pneumonia,train_source
1765,1,1,1,Pneumonia,train_source
1766,1,1,1,Pneumonia,train_source
1767,1,1,1,Pneumonia,train_source
1768,1,1,1,Pneumonia,train_source
1769,1,1,1,Pneumonia,train_source
1770,1,1,1,Pneumonia,train_source
1771,1,1,1,Pneumonia,train_source
1772,1,1,1,Pneumonia,train_source
1773,1,1,1,Pneumonia,train_source
1774,1,1,1,Pneumonia,train_source
1775,1,1,1,Pneumonia,train_source
1776,1,1,1,Pneumonia,train_source
1777,1,1,1,Pneumonia,train_source
1778,1,1,1,Pneumonia,train_source
1779,1,1,1,Pneumonia,train_source
1780,1,1,1,Pneumonia,train_source
1781,1,1,1,Pneumonia,train_source
1782,1,1,1,Pneumonia,train_source
1783,1,1,1,Pneumonia,train_source
1784,1,1,1,Pneumonia,train_source
1785,1,1,1,Pneumonia,train_source
1786,1,1,1,Pneumonia,train_source
1787,1,1,1,Pneumonia,train_source
1788,1,1,1,Pneumonia,train_source
1789,1,1,1,Pneumonia,train_source
1790,1,1,1,Pneumonia,train_source
1791,1,1,1,Pneumonia,train_source
1792,1,1,1,Pneumonia,train_source
1793,1,1,1,Pneumonia,train_source
1794,1,1,1,Pneumonia,train_source
1795,1,1,1,Pneumonia,train_source
1796,1,1,1,Pneumonia,train_source
1797,1,1,1,Pneumonia,train_source
1798,1,1,1,Pneumonia,train_source
1799,1,1,1,Pneumonia,train_source
1800,1,1,1,Pneumonia,train_source
1801,1,1,1,Pneumonia,train_source
1802,1,1,1,Pneumonia,train_source
1803,1,1,1,Pneumonia,train_source
1804,1,1,1,Pneumonia,train_source
1805,1,1,1,Pneumonia,train_source
1806,1,1,1,Pneumonia,train_source
1807,2,1,1,Pneumonia,train_source
1808,1,1,1,Pneumonia,train_source
1809,1,1,1,Pneumonia,train_source
1810,1,1,1,Pneumonia,train_source
1811,1,1,1,Pneumonia,train_source
1812,1,1,1,Pneumonia,train_source
1813,1,1,1,Pneumonia,train_source
1814,1,1,1,Pneumonia,train_source
1815,1,1,1,Pneumonia,train_source
1816,1,1,1,Pneumonia,train_source
1817,1,1,1,Pneumonia,train_source
1818,1,1,1,Pneumonia,train_source
1819,2,2,1,Normal|Pneumonia,train_source
1820,1,1,1,Pneumonia,train_source
1821,1,1,1,Pneumonia,train_source
1822,1,1,1,Pneumonia,train_source
1823,1,1,1,Pneumonia,train_source
1824,1,1,1,Pneumonia,train_source
1825,1,1,1,Pneumonia,train_source
1826,1,1,1,Pneumonia,train_source
1827,1,1,1,Pneumonia,train_source
1828,1,1,1,Pneumonia,train_source
1829,1,1,1,Pneumonia,train_source
1830,1,1,1,Pneumonia,train_source
1831,1,1,1,Pneumonia,train_source
1832,1,1,1,Pneumonia,train_source
1833,1,1,1,Pneumonia,train_source
1834,1,1,1,Pneumonia,train_source
1835,1,1,1,Pneumonia,train_source
1836,1,1,1,Pneumonia,train_source
1837,1,1,1,Pneumonia,train_source
1838,1,1,1,Pneumonia,train_source
1839,1,1,1,Pneumonia,train_source
1840,1,1,1,Pneumonia,train_source
1841,1,1,1,Pneumonia,train_source
1842,1,1,1,Pneumonia,train_source
1843,1,1,1,Pneumonia,train_source
1844,1,1,1,Pneumonia,train_source
1845,1,1,1,Pneumonia,train_source
1846,1,1,1,Pneumonia,train_source
1847,1,1,1,Pneumonia,train_source
1848,1,1,1,Pneumonia,train_source
1849,1,1,1,Pneumonia,train_source
1850,1,1,1,Pneumonia,train_source
1851,1,1,1,Pneumonia,train_source
1852,1,1,1,Pneumonia,train_source
1853,1,1,1,Pneumonia,train_source
1854,1,1,1,Pneumonia,train_source
1855,1,1,1,Pneumonia,train_source
1856,1,1,1,Pneumonia,train_source
1857,1,1,1,Pneumonia,train_source
1858,1,1,1,Pneumonia,train_source
1859,1,1,1,Pneumonia,train_source
1860,1,1,1,Pneumonia,train_source
1861,1,1,1,Pneumonia,train_source
1862,1,1,1,Pneumonia,train_source
1863,1,1,1,Pneumonia,train_source
1864,1,1,1,Pneumonia,train_source
1865,1,1,1,Pneumonia,train_source
1866,1,1,1,Pneumonia,train_source
1867,1,1,1,Pneumonia,train_source
1868,1,1,1,Pneumonia,train_source
1869,1,1,1,Pneumonia,train_source
1870,1,1,1,Pneumonia,train_source
1871,1,1,1,Pneumonia,train_source
1872,1,1,1,Pneumonia,train_source
1873,1,1,1,Pneumonia,train_source
1874,1,1,1,Pneumonia,train_source
1875,1,1,1,Pneumonia,train_source
1876,1,1,1,Pneumonia,train_source
1877,1,1,1,Pneumonia,train_source
1878,1,1,1,Pneumonia,train_source
1879,1,1,1,Pneumonia,train_source
1880,1,1,1,Pneumonia,train_source
1881,1,1,1,Pneumonia,train_source
1882,1,1,1,Pneumonia,train_source
1883,1,1,1,Pneumonia,train_source
1884,1,1,1,Pneumonia,train_source
1885,1,1,1,Pneumonia,train_source
1886,1,1,1,Pneumonia,train_source
1887,1,1,1,Pneumonia,train_source
1888,1,1,1,Pneumonia,train_source
1889,1,1,1,Pneumonia,train_source
1890,1,1,1,Pneumonia,train_source
1891,1,1,1,Pneumonia,train_source
1892,1,1,1,Pneumonia,train_source
1893,1,1,1,Pneumonia,train_source
1894,1,1,1,Pneumonia,train_source
1895,1,1,1,Pneumonia,train_source
1896,1,1,1,Pneumonia,train_source
1897,1,1,1,Pneumonia,train_source
1898,1,1,1,Pneumonia,train_source
1899,1,1,1,Pneumonia,train_source
1900,1,1,1,Pneumonia,train_source
1901,1,1,1,Pneumonia,train_source
1902,1,1,1,Pneumonia,train_source
1903,1,1,1,Pneumonia,train_source
1904,1,1,1,Pneumonia,train_source
1905,1,1,1,Pneumonia,train_source
1906,1,1,1,Pneumonia,train_source
1907,1,1,1,Pneumonia,train_source
1908,1,1,1,Pneumonia,train_source
1909,1,1,1,Pneumonia,train_source
1910,1,1,1,Pneumonia,train_source
1911,1,1,1,Pneumonia,train_source
1912,1,1,1,Pneumonia,train_source
1913,1,1,1,Pneumonia,train_source
1914,1,1,1,Pneumonia,train_source
1915,1,1,1,Pneumonia,train_source
1916,1,1,1,Pneumonia,train_source
1917,1,1,1,Pneumonia,train_source
1918,1,1,1,Pneumonia,train_source
1919,1,1,1,Pneumonia,train_source
1920,1,1,1,Pneumonia,train_source
1921,1,1,1,Pneumonia,train_source
1922,1,1,1,Pneumonia,train_source
1923,1,1,1,Pneumonia,train_source
1924,1,1,1,Pneumonia,train_source
1925,1,1,1,Pneumonia,train_source
1926,1,1,1,Pneumonia,train_source
1927,1,1,1,Pneumonia,train_source
1928,1,1,1,Pneumonia,train_source
1929,1,1,1,Pneumonia,train_source
1930,1,1,1,Pneumonia,train_source
1931,1,1,1,Pneumonia,train_source
1932,1,1,1,Pneumonia,train_source
1933,1,1,1,Pneumonia,train_source
1934,1,1,1,Pneumonia,train_source
1935,1,1,1,Pneumonia,train_source
1936,1,1,1,Pneumonia,train_source
1937,1,1,1,Pneumonia,train_source
1938,1,1,1,Pneumonia,train_source
1939,1,1,1,Pneumonia,train_source
1940,1,1,1,Pneumonia,train_source
1941,2,2,1,Normal|Pneumonia,train_source
1942,1,1,1,Pneumonia,train_source
1943,1,1,1,Pneumonia,train_source
1944,1,1,1,Pneumonia,train_source
1945,1,1,1,Pneumonia,train_source
1946,1,1,1,Pneumonia,train_source
1947,1,1,1,Pneumonia,train_source
1948,1,1,1,Pneumonia,train_source
1949,1,1,1,Pneumonia,train_source
1950,1,1,1,Pneumonia,train_source
1951,1,1,1,Pneumonia,train_source
1952,1,1,1,Pneumonia,train_source
1953,1,1,1,Pneumonia,train_source
1954,1,1,1,Pneumonia,train_source
1955,1,1,1,Pneumonia,train_source
1956,1,1,1,Pneumonia,train_source
1957,1,1,1,Pneumonia,train_source
1958,1,1,1,Pneumonia,train_source
1959,1,1,1,Pneumonia,train_source
1960,1,1,1,Pneumonia,train_source
1961,1,1,1,Pneumonia,train_source
1962,1,1,1,Pneumonia,train_source
1963,1,1,1,Pneumonia,train_source
1964,1,1,1,Pneumonia,train_source
1965,1,1,1,Pneumonia,train_source
1966,1,1,1,Pneumonia,train_source
1967,1,1,1,Pneumonia,train_source
1968,1,1,1,Pneumonia,train_source
1969,1,1,1,Pneumonia,train_source
1970,1,1,1,Pneumonia,train_source
1971,1,1,1,Pneumonia,train_source
1972,1,1,1,Pneumonia,train_source
1973,1,1,1,Pneumonia,train_source
1974,1,1,1,Pneumonia,train_source
1975,1,1,1,Pneumonia,train_source
1976,1,1,1,Pneumonia,train_source
1977,1,1,1,Pneumonia,train_source
1978,1,1,1,Pneumonia,train_source
1979,1,1,1,Pneumonia,train_source
1980,1,1,1,Pneumonia,train_source
1981,1,1,1,Pneumonia,train_source
1982,1,1,1,Pneumonia,train_source
1983,1,1,1,Pneumonia,train_source
1984,1,1,1,Pneumonia,train_source
1985,1,1,1,Pneumonia,train_source
1986,1,1,1,Pneumonia,train_source
1987,1,1,1,Pneumonia,train_source
1988,1,1,1,Pneumonia,train_source
1989,1,1,1,Pneumonia,train_source
1990,1,1,1,Pneumonia,train_source
1991,1,1,1,Pneumonia,train_source
1992,1,1,1,Pneumonia,train_source
1993,1,1,1,Pneumonia,train_source
1994,1,1,1,Pneumonia,train_source
1995,1,1,1,Pneumonia,train_source
1996,1,1,1,Pneumonia,train_source
1997,1,1,1,Pneumonia,train_source
1998,1,1,1,Pneumonia,train_source
1999,1,1,1,Pneumonia,train_source
2000,1,1,1,Pneumonia,train_source
2001,1,1,1,Pneumonia,train_source
2002,1,1,1,Pneumonia,train_source
2003,1,1,1,Pneumonia,train_source
2004,1,1,1,Pneumonia,train_source
2005,1,1,1,Pneumonia,train_source
2006,1,1,1,Pneumonia,train_source
2007,1,1,1,Pneumonia,train_source
2008,1,1,1,Pneumonia,train_source
2009,1,1,1,Pneumonia,train_source
2010,1,1,1,Pneumonia,train_source
2011,1,1,1,Pneumonia,train_source
2012,1,1,1,Pneumonia,train_source
2013,1,1,1,Pneumonia,train_source
2014,1,1,1,Pneumonia,train_source
2015,1,1,1,Pneumonia,train_source
2016,1,1,1,Pneumonia,train_source
2017,1,1,1,Pneumonia,train_source
2018,1,1,1,Pneumonia,train_source
2019,1,1,1,Pneumonia,train_source
2020,1,1,1,Pneumonia,train_source
2021,1,1,1,Pneumonia,train_source
2022,1,1,1,Pneumonia,train_source
2023,1,1,1,Pneumonia,train_source
2024,1,1,1,Pneumonia,train_source
2025,1,1,1,Pneumonia,train_source
2026,1,1,1,Pneumonia,train_source
2027,1,1,1,Pneumonia,train_source
2028,1,1,1,Pneumonia,train_source
2029,1,1,1,Pneumonia,train_source
2030,1,1,1,Pneumonia,train_source
2031,1,1,1,Pneumonia,train_source
2032,1,1,1,Pneumonia,train_source
2033,1,1,1,Pneumonia,train_source
2034,1,1,1,Pneumonia,train_source
2035,1,1,1,Pneumonia,train_source
2036,1,1,1,Pneumonia,train_source
2037,1,1,1,Pneumonia,train_source
2038,1,1,1,Pneumonia,train_source
2039,1,1,1,Pneumonia,train_source
2040,1,1,1,Pneumonia,train_source
2041,1,1,1,Pneumonia,train_source
2042,1,1,1,Pneumonia,train_source
2043,1,1,1,Pneumonia,train_source
2044,1,1,1,Pneumonia,train_source
2045,1,1,1,Pneumonia,train_source
2046,1,1,1,Pneumonia,train_source
2047,1,1,1,Pneumonia,train_source
2048,1,1,1,Pneumonia,train_source
2049,1,1,1,Pneumonia,train_source
2050,1,1,1,Pneumonia,train_source
2051,1,1,1,Pneumonia,train_source
2052,1,1,1,Pneumonia,train_source
2053,1,1,1,Pneumonia,train_source
2054,1,1,1,Pneumonia,train_source
2055,1,1,1,Pneumonia,train_source
2056,1,1,1,Pneumonia,train_source
2057,1,1,1,Pneumonia,train_source
2058,1,1,1,Pneumonia,train_source
2059,1,1,1,Pneumonia,train_source
2060,1,1,1,Pneumonia,train_source
2061,1,1,1,Pneumonia,train_source
2062,1,1,1,Pneumonia,train_source
2063,1,1,1,Pneumonia,train_source
2064,1,1,1,Pneumonia,train_source
2065,1,1,1,Pneumonia,train_source
2066,1,1,1,Pneumonia,train_source
2067,1,1,1,Pneumonia,train_source
2068,1,1,1,Pneumonia,train_source
2069,1,1,1,Pneumonia,train_source
2070,1,1,1,Pneumonia,train_source
2071,1,1,1,Pneumonia,train_source
2072,1,1,1,Pneumonia,train_source
2073,1,1,1,Pneumonia,train_source
2074,1,1,1,Pneumonia,train_source
2075,1,1,1,Pneumonia,train_source
2076,1,1,1,Pneumonia,train_source
2077,1,1,1,Pneumonia,train_source
2078,1,1,1,Pneumonia,train_source
2079,1,1,1,Pneumonia,train_source
2080,1,1,1,Pneumonia,train_source
2081,1,1,1,Pneumonia,train_source
2082,1,1,1,Pneumonia,train_source
2083,1,1,1,Pneumonia,train_source
2084,1,1,1,Pneumonia,train_source
2085,1,1,1,Pneumonia,train_source
2086,1,1,1,Pneumonia,train_source
2087,1,1,1,Pneumonia,train_source
2088,1,1,1,Pneumonia,train_source
2089,1,1,1,Pneumonia,train_source
2090,1,1,1,Pneumonia,train_source
2091,1,1,1,Pneumonia,train_source
2092,1,1,1,Pneumonia,train_source
2093,1,1,1,Pneumonia,train_source
2094,1,1,1,Pneumonia,train_source
2095,1,1,1,Pneumonia,train_source
2096,1,1,1,Pneumonia,train_source
2097,1,1,1,Pneumonia,train_source
2098,1,1,1,Pneumonia,train_source
2099,1,1,1,Pneumonia,train_source
2100,1,1,1,Pneumonia,train_source
2101,1,1,1,Pneumonia,train_source
2102,1,1,1,Pneumonia,train_source
2103,1,1,1,Pneumonia,train_source
2104,1,1,1,Pneumonia,train_source
2105,1,1,1,Pneumonia,train_source
2106,1,1,1,Pneumonia,train_source
2107,1,1,1,Pneumonia,train_source
2108,1,1,1,Pneumonia,train_source
2109,1,1,1,Pneumonia,train_source
2110,1,1,1,Pneumonia,train_source
2111,1,1,1,Pneumonia,train_source
2112,1,1,1,Pneumonia,train_source
2113,1,1,1,Pneumonia,train_source
2114,1,1,1,Pneumonia,train_source
2115,1,1,1,Pneumonia,train_source
2116,1,1,1,Pneumonia,train_source
2117,1,1,1,Pneumonia,train_source
2118,1,1,1,Pneumonia,train_source
2119,1,1,1,Pneumonia,train_source
2120,1,1,1,Pneumonia,train_source
2121,1,1,1,Pneumonia,train_source
2122,1,1,1,Pneumonia,train_source
2123,1,1,1,Pneumonia,train_source
2124,1,1,1,Pneumonia,train_source
2125,1,1,1,Pneumonia,train_source
2126,1,1,1,Pneumonia,train_source
2127,1,1,1,Pneumonia,train_source
2128,1,1,1,Pneumonia,train_source
2129,1,1,1,Pneumonia,train_source
2130,1,1,1,Pneumonia,train_source
2131,1,1,1,Pneumonia,train_source
2132,1,1,1,Pneumonia,train_source
2133,1,1,1,Pneumonia,train_source
2134,1,1,1,Pneumonia,train_source
2135,1,1,1,Pneumonia,train_source
2136,1,1,1,Pneumonia,train_source
2137,1,1,1,Pneumonia,train_source
2138,1,1,1,Pneumonia,train_source
2139,1,1,1,Pneumonia,train_source
2140,1,1,1,Pneumonia,train_source
2141,1,1,1,Pneumonia,train_source
2142,1,1,1,Pneumonia,train_source
2143,1,1,1,Pneumonia,train_source
2144,1,1,1,Pneumonia,train_source
2145,1,1,1,Pneumonia,train_source
2146,1,1,1,Pneumonia,train_source
2147,1,1,1,Pneumonia,train_source
2148,1,1,1,Pneumonia,train_source
2149,1,1,1,Pneumonia,train_source
2150,1,1,1,Pneumonia,train_source
2151,1,1,1,Pneumonia,train_source
2152,1,1,1,Pneumonia,train_source
2153,1,1,1,Pneumonia,train_source
2154,1,1,1,Pneumonia,train_source
2155,1,1,1,Pneumonia,train_source
2156,1,1,1,Pneumonia,train_source
2157,1,1,1,Pneumonia,train_source
2158,1,1,1,Pneumonia,train_source
2159,1,1,1,Pneumonia,train_source
2160,1,1,1,Pneumonia,train_source
2161,1,1,1,Pneumonia,train_source
2162,1,1,1,Pneumonia,train_source
2163,1,1,1,Pneumonia,train_source
2164,1,1,1,Pneumonia,train_source
2165,1,1,1,Pneumonia,train_source
2166,1,1,1,Pneumonia,train_source
2167,1,1,1,Pneumonia,train_source
2168,1,1,1,Pneumonia,train_source
2169,1,1,1,Pneumonia,train_source
2170,1,1,1,Pneumonia,train_source
2171,1,1,1,Pneumonia,train_source
2172,1,1,1,Pneumonia,train_source
2173,1,1,1,Pneumonia,train_source
2174,1,1,1,Pneumonia,train_source
2175,1,1,1,Pneumonia,train_source
2176,1,1,1,Pneumonia,train_source
2177,1,1,1,Pneumonia,train_source
2178,1,1,1,Pneumonia,train_source
2179,1,1,1,Pneumonia,train_source
2180,1,1,1,Pneumonia,train_source
2181,1,1,1,Pneumonia,train_source
2182,1,1,1,Pneumonia,train_source
2183,1,1,1,Pneumonia,train_source
2184,1,1,1,Pneumonia,train_source
2185,1,1,1,Pneumonia,train_source
2186,1,1,1,Pneumonia,train_source
2187,1,1,1,Pneumonia,train_source
2188,1,1,1,Pneumonia,train_source
2189,1,1,1,Pneumonia,train_source
2190,1,1,1,Pneumonia,train_source
2191,1,1,1,Pneumonia,train_source
2192,1,1,1,Pneumonia,train_source
2193,1,1,1,Pneumonia,train_source
2194,1,1,1,Pneumonia,train_source
2195,1,1,1,Pneumonia,train_source
2196,1,1,1,Pneumonia,train_source
2197,1,1,1,Pneumonia,train_source
2198,1,1,1,Pneumonia,train_source
2199,1,1,1,Pneumonia,train_source
2200,1,1,1,Pneumonia,train_source
2201,1,1,1,Pneumonia,train_source
2202,1,1,1,Pneumonia,train_source
2203,1,1,1,Pneumonia,train_source
2204,2,1,1,Pneumonia,train_source
2205,1,1,1,Pneumonia,train_source
2206,1,1,1,Pneumonia,train_source
2207,1,1,1,Pneumonia,train_source
2208,1,1,1,Pneumonia,train_source
2209,1,1,1,Pneumonia,train_source
2210,1,1,1,Pneumonia,train_source
2211,1,1,1,Pneumonia,train_source
2212,1,1,1,Pneumonia,train_source
2213,1,1,1,Pneumonia,train_source
2214,1,1,1,Pneumonia,train_source
2215,1,1,1,Pneumonia,train_source
2216,1,1,1,Pneumonia,train_source
2217,1,1,1,Pneumonia,train_source
2218,1,1,1,Pneumonia,train_source
2219,1,1,1,Pneumonia,train_source
2220,1,1,1,Pneumonia,train_source
2221,1,1,1,Pneumonia,train_source
2222,1,1,1,Pneumonia,train_source
2223,1,1,1,Pneumonia,train_source
2224,1,1,1,Pneumonia,train_source
2225,2,1,1,Pneumonia,train_source
2226,1,1,1,Pneumonia,train_source
2227,1,1,1,Pneumonia,train_source
2228,1,1,1,Pneumonia,train_source
2229,1,1,1,Pneumonia,train_source
2230,1,1,1,Pneumonia,train_source
2231,1,1,1,Pneumonia,train_source
2232,1,1,1,Pneumonia,train_source
2233,1,1,1,Pneumonia,train_source
2234,2,1,1,Pneumonia,train_source
2235,1,1,1,Pneumonia,train_source
2236,1,1,1,Pneumonia,train_source
2237,1,1,1,Pneumonia,train_source
2238,1,1,1,Pneumonia,train_source
2239,1,1,1,Pneumonia,train_source
2240,1,1,1,Pneumonia,train_source
2241,1,1,1,Pneumonia,train_source
2242,1,1,1,Pneumonia,train_source
2243,1,1,1,Pneumonia,train_source
2244,1,1,1,Pneumonia,train_source
2245,1,1,1,Pneumonia,train_source
2246,1,1,1,Pneumonia,train_source
2247,1,1,1,Pneumonia,train_source
2248,1,1,1,Pneumonia,train_source
2249,1,1,1,Pneumonia,train_source
2250,1,1,1,Pneumonia,train_source
2251,1,1,1,Pneumonia,train_source
2252,1,1,1,Pneumonia,train_source
2253,1,1,1,Pneumonia,train_source
2254,1,1,1,Pneumonia,train_source
2255,1,1,1,Pneumonia,train_source
2256,1,1,1,Pneumonia,train_source
2257,1,1,1,Pneumonia,train_source
2258,1,1,1,Pneumonia,train_source
2259,1,1,1,Pneumonia,train_source
2260,1,1,1,Pneumonia,train_source
2261,1,1,1,Pneumonia,train_source
2262,1,1,1,Pneumonia,train_source
2263,1,1,1,Pneumonia,train_source
2264,1,1,1,Pneumonia,train_source
2265,1,1,1,Pneumonia,train_source
2266,1,1,1,Pneumonia,train_source
2267,1,1,1,Pneumonia,train_source
2268,1,1,1,Pneumonia,train_source
2269,1,1,1,Pneumonia,train_source
2270,1,1,1,Pneumonia,train_source
2271,1,1,1,Pneumonia,train_source
2272,1,1,1,Pneumonia,train_source
2273,1,1,1,Pneumonia,train_source
2274,1,1,1,Pneumonia,train_source
2275,1,1,1,Pneumonia,train_source
2276,1,1,1,Pneumonia,train_source
2277,1,1,1,Pneumonia,train_source
2278,1,1,1,Pneumonia,train_source
2279,1,1,1,Pneumonia,train_source
2280,1,1,1,Pneumonia,train_source
2281,1,1,1,Pneumonia,train_source
2282,1,1,1,Pneumonia,train_source
2283,1,1,1,Pneumonia,train_source
2284,1,1,1,Pneumonia,train_source
2285,1,1,1,Pneumonia,train_source
2286,1,1,1,Pneumonia,train_source
2287,1,1,1,Pneumonia,train_source
2288,1,1,1,Pneumonia,train_source
2289,1,1,1,Pneumonia,train_source
2290,1,1,1,Pneumonia,train_source
2291,1,1,1,Pneumonia,train_source
2292,1,1,1,Pneumonia,train_source
2293,1,1,1,Pneumonia,train_source
2294,1,1,1,Pneumonia,train_source
2295,1,1,1,Pneumonia,train_source
2296,1,1,1,Pneumonia,train_source
2297,1,1,1,Pneumonia,train_source
2298,1,1,1,Pneumonia,train_source
2299,1,1,1,Pneumonia,train_source
2300,1,1,1,Pneumonia,train_source
2301,1,1,1,Pneumonia,train_source
2302,1,1,1,Pneumonia,train_source
2303,1,1,1,Pneumonia,train_source
2304,1,1,1,Pneumonia,train_source
2305,1,1,1,Pneumonia,train_source
2306,1,1,1,Pneumonia,train_source
2307,1,1,1,Pneumonia,train_source
2308,1,1,1,Pneumonia,train_source
2309,1,1,1,Pneumonia,train_source
2310,1,1,1,Pneumonia,train_source
2311,1,1,1,Pneumonia,train_source
2312,1,1,1,Pneumonia,train_source
2313,1,1,1,Pneumonia,train_source
2314,1,1,1,Pneumonia,train_source
2315,1,1,1,Pneumonia,train_source
2316,1,1,1,Pneumonia,train_source
2317,1,1,1,Pneumonia,train_source
2318,1,1,1,Pneumonia,train_source
2319,1,1,1,Pneumonia,train_source
2320,1,1,1,Pneumonia,train_source
2321,1,1,1,Pneumonia,train_source
2322,1,1,1,Pneumonia,train_source
2323,1,1,1,Pneumonia,train_source
2324,1,1,1,Pneumonia,train_source
2325,1,1,1,Pneumonia,train_source
2326,1,1,1,Pneumonia,train_source
2327,1,1,1,Pneumonia,train_source
2328,1,1,1,Pneumonia,train_source
2329,1,1,1,Pneumonia,train_source
2330,1,1,1,Pneumonia,train_source
2331,1,1,1,Pneumonia,train_source
2332,1,1,1,Pneumonia,train_source
2333,1,1,1,Pneumonia,train_source
2334,1,1,1,Pneumonia,train_source
2335,1,1,1,Pneumonia,train_source
2336,1,1,1,Pneumonia,train_source
2337,1,1,1,Pneumonia,train_source
2338,1,1,1,Pneumonia,train_source
2339,1,1,1,Pneumonia,train_source
2340,1,1,1,Pneumonia,train_source
2341,1,1,1,Pneumonia,train_source
2342,1,1,1,Pneumonia,train_source
2343,1,1,1,Pneumonia,train_source
2344,1,1,1,Pneumonia,train_source
2345,1,1,1,Pneumonia,train_source
2346,1,1,1,Pneumonia,train_source
2347,1,1,1,Pneumonia,train_source
2348,1,1,1,Pneumonia,train_source
2349,1,1,1,Pneumonia,train_source
2350,1,1,1,Pneumonia,train_source
2351,1,1,1,Pneumonia,train_source
2352,1,1,1,Pneumonia,train_source
2353,1,1,1,Pneumonia,train_source
2354,1,1,1,Pneumonia,train_source
2355,1,1,1,Pneumonia,train_source
2356,1,1,1,Pneumonia,train_source
2357,1,1,1,Pneumonia,train_source
2358,1,1,1,Pneumonia,train_source
2359,1,1,1,Pneumonia,train_source
2360,1,1,1,Pneumonia,train_source
2361,1,1,1,Pneumonia,train_source
2362,1,1,1,Pneumonia,train_source
2363,1,1,1,Pneumonia,train_source
2364,1,1,1,Pneumonia,train_source
2365,1,1,1,Pneumonia,train_source
2366,1,1,1,Pneumonia,train_source
2367,1,1,1,Pneumonia,train_source
2368,1,1,1,Pneumonia,train_source
2369,1,1,1,Pneumonia,train_source
2370,1,1,1,Pneumonia,train_source
2371,1,1,1,Pneumonia,train_source
2372,1,1,1,Pneumonia,train_source
2373,1,1,1,Pneumonia,train_source
2374,1,1,1,Pneumonia,train_source
2375,1,1,1,Pneumonia,train_source
2376,1,1,1,Pneumonia,train_source
2377,1,1,1,Pneumonia,train_source
2378,1,1,1,Pneumonia,train_source
2379,1,1,1,Pneumonia,train_source
2380,1,1,1,Pneumonia,train_source
2381,1,1,1,Pneumonia,train_source
2382,1,1,1,Pneumonia,train_source
2383,1,1,1,Pneumonia,train_source
2384,1,1,1,Pneumonia,train_source
2385,1,1,1,Pneumonia,train_source
2386,1,1,1,Pneumonia,train_source
2387,1,1,1,Pneumonia,train_source
2388,1,1,1,Pneumonia,train_source
2389,1,1,1,Pneumonia,train_source
2390,1,1,1,Pneumonia,train_source
2391,1,1,1,Pneumonia,train_source
2392,1,1,1,Pneumonia,train_source
2393,1,1,1,Pneumonia,train_source
2394,1,1,1,Pneumonia,train_source
2395,1,1,1,Pneumonia,train_source
2396,1,1,1,Pneumonia,train_source
2397,1,1,1,Pneumonia,train_source
2398,1,1,1,Pneumonia,train_source
2399,1,1,1,Pneumonia,train_source
2400,1,1,1,Pneumonia,train_source
2401,1,1,1,Pneumonia,train_source
2402,1,1,1,Pneumonia,train_source
2403,1,1,1,Pneumonia,train_source
2404,1,1,1,Pneumonia,train_source
2405,1,1,1,Pneumonia,train_source
2406,1,1,1,Pneumonia,train_source
2407,1,1,1,Pneumonia,train_source
2408,1,1,1,Pneumonia,train_source
2409,1,1,1,Pneumonia,train_source
2410,1,1,1,Pneumonia,train_source
2411,1,1,1,Pneumonia,train_source
2412,1,1,1,Pneumonia,train_source
2413,1,1,1,Pneumonia,train_source
2414,1,1,1,Pneumonia,train_source
2415,1,1,1,Pneumonia,train_source
2416,1,1,1,Pneumonia,train_source
2417,1,1,1,Pneumonia,train_source
2418,1,1,1,Pneumonia,train_source
2419,1,1,1,Pneumonia,train_source
2420,1,1,1,Pneumonia,train_source
2421,1,1,1,Pneumonia,train_source
2422,1,1,1,Pneumonia,train_source
2423,1,1,1,Pneumonia,train_source
2424,1,1,1,Pneumonia,train_source
2425,1,1,1,Pneumonia,train_source
2426,1,1,1,Pneumonia,train_source
2427,1,1,1,Pneumonia,train_source
2428,1,1,1,Pneumonia,train_source
2429,1,1,1,Pneumonia,train_source
2430,1,1,1,Pneumonia,train_source
2431,1,1,1,Pneumonia,train_source
2432,1,1,1,Pneumonia,train_source
2433,1,1,1,Pneumonia,train_source
2434,1,1,1,Pneumonia,train_source
2435,1,1,1,Pneumonia,train_source
2436,1,1,1,Pneumonia,train_source
2437,1,1,1,Pneumonia,train_source
2438,1,1,1,Pneumonia,train_source
2439,1,1,1,Pneumonia,train_source
2440,1,1,1,Pneumonia,train_source
2441,1,1,1,Pneumonia,train_source
2442,1,1,1,Pneumonia,train_source
2443,1,1,1,Pneumonia,train_source
2444,1,1,1,Pneumonia,train_source
2445,1,1,1,Pneumonia,train_source
2446,1,1,1,Pneumonia,train_source
2447,1,1,1,Pneumonia,train_source
2448,1,1,1,Pneumonia,train_source
2449,1,1,1,Pneumonia,train_source
2450,1,1,1,Pneumonia,train_source
2451,1,1,1,Pneumonia,train_source
2452,1,1,1,Pneumonia,train_source
2453,1,1,1,Pneumonia,train_source
2454,1,1,1,Pneumonia,train_source
2455,1,1,1,Pneumonia,train_source
2456,1,1,1,Pneumonia,train_source
2457,1,1,1,Pneumonia,train_source
2458,1,1,1,Pneumonia,train_source
2459,1,1,1,Pneumonia,train_source
2460,1,1,1,Pneumonia,train_source
2461,1,1,1,Pneumonia,train_source
2462,1,1,1,Pneumonia,train_source
2463,1,1,1,Pneumonia,train_source
2464,1,1,1,Pneumonia,train_source
2465,1,1,1,Pneumonia,train_source
2466,1,1,1,Pneumonia,train_source
2467,1,1,1,Pneumonia,train_source
2468,1,1,1,Pneumonia,train_source
2469,1,1,1,Pneumonia,train_source
2470,1,1,1,Pneumonia,train_source
2471,1,1,1,Pneumonia,train_source
2472,1,1,1,Pneumonia,train_source
2473,1,1,1,Pneumonia,train_source
2474,1,1,1,Pneumonia,train_source
2475,1,1,1,Pneumonia,train_source
2476,1,1,1,Pneumonia,train_source
2477,1,1,1,Pneumonia,train_source
2478,1,1,1,Pneumonia,train_source
2479,1,1,1,Pneumonia,train_source
2480,1,1,1,Pneumonia,train_source
2481,1,1,1,Pneumonia,train_source
2482,1,1,1,Pneumonia,train_source
2483,1,1,1,Pneumonia,train_source
2484,1,1,1,Pneumonia,train_source
2485,1,1,1,Pneumonia,train_source
2486,1,1,1,Pneumonia,train_source
2487,1,1,1,Pneumonia,train_source
2488,1,1,1,Pneumonia,train_source
2489,1,1,1,Pneumonia,train_source
2490,1,1,1,Pneumonia,train_source
2491,1,1,1,Pneumonia,train_source
2492,1,1,1,Pneumonia,train_source
2493,1,1,1,Pneumonia,train_source
2494,1,1,1,Pneumonia,train_source
2495,1,1,1,Pneumonia,train_source
2496,1,1,1,Pneumonia,train_source
2497,1,1,1,Pneumonia,train_source
2498,1,1,1,Pneumonia,train_source
2499,1,1,1,Pneumonia,train_source
2500,1,1,1,Pneumonia,train_source
2501,1,1,1,Pneumonia,train_source
2502,1,1,1,Pneumonia,train_source
2503,1,1,1,Pneumonia,train_source
2504,1,1,1,Pneumonia,train_source
2505,1,1,1,Pneumonia,train_source
2506,1,1,1,Pneumonia,train_source
2507,1,1,1,Pneumonia,train_source
2508,1,1,1,Pneumonia,train_source
2509,1,1,1,Pneumonia,train_source
2510,1,1,1,Pneumonia,train_source
2511,1,1,1,Pneumonia,train_source
2512,1,1,1,Pneumonia,train_source
2513,1,1,1,Pneumonia,train_source
2514,1,1,1,Pneumonia,train_source
2515,1,1,1,Pneumonia,train_source
2516,1,1,1,Pneumonia,train_source
2517,1,1,1,Pneumonia,train_source
2518,1,1,1,Pneumonia,train_source
2519,1,1,1,Pneumonia,train_source
2520,1,1,1,Pneumonia,train_source
2521,1,1,1,Pneumonia,train_source
2522,1,1,1,Pneumonia,train_source
2523,1,1,1,Pneumonia,train_source
2524,1,1,1,Pneumonia,train_source
2525,1,1,1,Pneumonia,train_source
2526,1,1,1,Pneumonia,train_source
2527,1,1,1,Pneumonia,train_source
2528,1,1,1,Pneumonia,train_source
2529,1,1,1,Pneumonia,train_source
2530,1,1,1,Pneumonia,train_source
2531,1,1,1,Pneumonia,train_source
2532,1,1,1,Pneumonia,train_source
2533,1,1,1,Pneumonia,train_source
2534,1,1,1,Pneumonia,train_source
2535,1,1,1,Pneumonia,train_source
2536,1,1,1,Pneumonia,train_source
2537,1,1,1,Pneumonia,train_source
2538,1,1,1,Pneumonia,train_source
2539,1,1,1,Pneumonia,train_source
2540,1,1,1,Pneumonia,train_source
2541,1,1,1,Pneumonia,train_source
2542,1,1,1,Pneumonia,train_source
2543,1,1,1,Pneumonia,train_source
2544,1,1,1,Pneumonia,train_source
2545,1,1,1,Pneumonia,train_source
2546,1,1,1,Pneumonia,train_source
2547,1,1,1,Pneumonia,train_source
2548,1,1,1,Pneumonia,train_source
2549,1,1,1,Pneumonia,train_source
2550,1,1,1,Pneumonia,train_source
2551,1,1,1,Pneumonia,train_source
2552,1,1,1,Pneumonia,train_source
2553,1,1,1,Pneumonia,train_source
2554,1,1,1,Pneumonia,train_source
2555,1,1,1,Pneumonia,train_source
2556,1,1,1,Pneumonia,train_source
2557,1,1,1,Pneumonia,train_source
2558,1,1,1,Pneumonia,train_source
2559,1,1,1,Pneumonia,train_source
2560,1,1,1,Pneumonia,train_source
2561,1,1,1,Pneumonia,train_source
2562,1,1,1,Pneumonia,train_source
2563,1,1,1,Pneumonia,train_source
2564,1,1,1,Pneumonia,train_source
2565,1,1,1,Pneumonia,train_source
2566,1,1,1,Pneumonia,train_source
2567,1,1,1,Pneumonia,train_source
2568,1,1,1,Pneumonia,train_source
2569,1,1,1,Pneumonia,train_source
2570,1,1,1,Pneumonia,train_source
2571,1,1,1,Pneumonia,train_source
2572,1,1,1,Pneumonia,train_source
2573,1,1,1,Pneumonia,train_source
2574,1,1,1,Pneumonia,train_source
2575,1,1,1,Pneumonia,train_source
2576,1,1,1,Pneumonia,train_source
2577,1,1,1,Pneumonia,train_source
2578,1,1,1,Pneumonia,train_source
2579,1,1,1,Pneumonia,train_source
2580,1,1,1,Pneumonia,train_source
2581,1,1,1,Pneumonia,train_source
2582,1,1,1,Pneumonia,train_source
2583,1,1,1,Pneumonia,train_source
2584,1,1,1,Pneumonia,train_source
2585,1,1,1,Pneumonia,train_source
2586,1,1,1,Pneumonia,train_source
2587,1,1,1,Pneumonia,train_source
2588,1,1,1,Pneumonia,train_source
2589,1,1,1,Pneumonia,train_source
2590,1,1,1,Pneumonia,train_source
2591,1,1,1,Pneumonia,train_source
2592,1,1,1,Pneumonia,train_source
2593,1,1,1,Pneumonia,train_source
2594,1,1,1,Pneumonia,train_source
2595,1,1,1,Pneumonia,train_source
2596,1,1,1,Pneumonia,train_source
2597,1,1,1,Pneumonia,train_source
2598,1,1,1,Pneumonia,train_source
2599,1,1,1,Pneumonia,train_source
2600,1,1,1,Pneumonia,train_source
2601,1,1,1,Pneumonia,train_source
2602,1,1,1,Pneumonia,train_source
2603,1,1,1,Pneumonia,train_source
2604,1,1,1,Pneumonia,train_source
2605,1,1,1,Pneumonia,train_source
2606,1,1,1,Pneumonia,train_source
2607,1,1,1,Pneumonia,train_source
2608,1,1,1,Pneumonia,train_source
2609,1,1,1,Pneumonia,train_source
2610,1,1,1,Pneumonia,train_source
2611,1,1,1,Pneumonia,train_source
2612,1,1,1,Pneumonia,train_source
2613,1,1,1,Pneumonia,train_source
2614,1,1,1,Pneumonia,train_source
2615,1,1,1,Pneumonia,train_source
2616,1,1,1,Pneumonia,train_source
2617,1,1,1,Pneumonia,train_source
2618,1,1,1,Pneumonia,train_source
2619,1,1,1,Pneumonia,train_source
2620,1,1,1,Pneumonia,train_source
2621,1,1,1,Pneumonia,train_source
2622,1,1,1,Pneumonia,train_source
2623,1,1,1,Pneumonia,train_source
2624,1,1,1,Pneumonia,train_source
2625,1,1,1,Pneumonia,train_source
2626,1,1,1,Pneumonia,train_source
2627,1,1,1,Pneumonia,train_source
2628,1,1,1,Pneumonia,train_source
2629,1,1,1,Pneumonia,train_source
2630,1,1,1,Pneumonia,train_source
2631,1,1,1,Pneumonia,train_source
2632,1,1,1,Pneumonia,train_source
2633,1,1,1,Pneumonia,train_source
2634,1,1,1,Pneumonia,train_source
2635,1,1,1,Pneumonia,train_source
2636,1,1,1,Pneumonia,train_source
2637,1,1,1,Pneumonia,train_source
2638,1,1,1,Pneumonia,train_source
2639,1,1,1,Pneumonia,train_source
2640,1,1,1,Pneumonia,train_source
2641,1,1,1,Pneumonia,train_source
2642,1,1,1,Pneumonia,train_source
2643,1,1,1,Pneumonia,train_source
2644,1,1,1,Pneumonia,train_source
2645,1,1,1,Pneumonia,train_source
2646,1,1,1,Pneumonia,train_source
2647,1,1,1,Pneumonia,train_source
2648,1,1,1,Pneumonia,train_source
2649,1,1,1,Pneumonia,train_source
2650,1,1,1,Pneumonia,train_source
2651,1,1,1,Pneumonia,train_source
2652,1,1,1,Pneumonia,train_source
2653,1,1,1,Pneumonia,train_source
2654,1,1,1,Pneumonia,train_source
2655,1,1,1,Pneumonia,train_source
2656,1,1,1,Pneumonia,train_source
2657,1,1,1,Pneumonia,train_source
2658,1,1,1,Pneumonia,train_source
2659,1,1,1,Pneumonia,train_source
2660,1,1,1,Pneumonia,train_source
2661,1,1,1,Pneumonia,train_source
2662,1,1,1,Pneumonia,train_source
2663,1,1,1,Pneumonia,train_source
2664,1,1,1,Pneumonia,train_source
2665,1,1,1,Pneumonia,train_source
2666,1,1,1,Pneumonia,train_source
2667,1,1,1,Pneumonia,train_source
2668,1,1,1,Pneumonia,train_source
2669,1,1,1,Pneumonia,train_source
2670,1,1,1,Pneumonia,train_source
2671,1,1,1,Pneumonia,train_source
2672,1,1,1,Pneumonia,train_source
2673,1,1,1,Pneumonia,train_source
2674,1,1,1,Pneumonia,train_source
2675,1,1,1,Pneumonia,train_source
2676,1,1,1,Pneumonia,train_source
2677,1,1,1,Pneumonia,train_source
2678,1,1,1,Pneumonia,train_source
2679,1,1,1,Pneumonia,train_source
2680,1,1,1,Pneumonia,train_source
2681,1,1,1,Pneumonia,train_source
2682,1,1,1,Pneumonia,train_source
2683,2,1,1,Pneumonia,train_source
2684,1,1,1,Pneumonia,train_source
2685,1,1,1,Pneumonia,train_source
2686,1,1,1,Pneumonia,train_source
2687,1,1,1,Pneumonia,train_source
2688,1,1,1,Pneumonia,train_source
2689,1,1,1,Pneumonia,train_source
2690,1,1,1,Pneumonia,train_source
2691,1,1,1,Pneumonia,train_source
2692,1,1,1,Pneumonia,train_source
2693,1,1,1,Pneumonia,train_source
2694,1,1,1,Pneumonia,train_source
2695,2,1,1,Pneumonia,train_source
2696,1,1,1,Pneumonia,train_source
2697,1,1,1,Pneumonia,train_source
2698,1,1,1,Pneumonia,train_source
2699,1,1,1,Pneumonia,train_source
2700,1,1,1,Pneumonia,train_source
2701,3,1,1,Pneumonia,train_source
2702,1,1,1,Pneumonia,train_source
2703,1,1,1,Pneumonia,train_source
2704,1,1,1,Pneumonia,train_source
2705,1,1,1,Pneumonia,train_source
2706,1,1,1,Pneumonia,train_source
2707,1,1,1,Pneumonia,train_source
2708,1,1,1,Pneumonia,train_source
2709,1,1,1,Pneumonia,train_source
2710,1,1,1,Pneumonia,train_source
2711,1,1,1,Pneumonia,train_source
2712,1,1,1,Pneumonia,train_source
2713,1,1,1,Pneumonia,train_source
2714,1,1,1,Pneumonia,train_source
2715,1,1,1,Pneumonia,train_source
2716,1,1,1,Pneumonia,train_source
2717,1,1,1,Pneumonia,train_source
2718,1,1,1,Pneumonia,train_source
2719,1,1,1,Pneumonia,train_source
2720,1,1,1,Pneumonia,train_source
2721,1,1,1,Pneumonia,train_source
2722,1,1,1,Pneumonia,train_source
2723,1,1,1,Pneumonia,train_source
2724,1,1,1,Pneumonia,train_source
2725,1,1,1,Pneumonia,train_source
2726,1,1,1,Pneumonia,train_source
2727,1,1,1,Pneumonia,train_source
2728,1,1,1,Pneumonia,train_source
2729,1,1,1,Pneumonia,train_source
2730,1,1,1,Pneumonia,train_source
2731,2,1,1,Pneumonia,train_source
2732,2,1,1,Pneumonia,train_source
2733,2,1,1,Pneumonia,train_source
2734,1,1,1,Pneumonia,train_source
2735,1,1,1,Pneumonia,train_source
2736,1,1,1,Pneumonia,train_source
2737,1,1,1,Pneumonia,train_source
2738,1,1,1,Pneumonia,train_source
2739,1,1,1,Pneumonia,train_source
2740,1,1,1,Pneumonia,train_source
2741,1,1,1,Pneumonia,train_source
2742,1,1,1,Pneumonia,train_source
2743,1,1,1,Pneumonia,train_source
2744,1,1,1,Pneumonia,train_source
2745,1,1,1,Pneumonia,train_source
2746,1,1,1,Pneumonia,train_source
2747,1,1,1,Pneumonia,train_source
2748,1,1,1,Pneumonia,train_source
2749,1,1,1,Pneumonia,train_source
2750,1,1,1,Pneumonia,train_source
2751,1,1,1,Pneumonia,train_source
2752,1,1,1,Pneumonia,train_source
2753,1,1,1,Pneumonia,train_source
2754,1,1,1,Pneumonia,train_source
2755,1,1,1,Pneumonia,train_source
2756,1,1,1,Pneumonia,train_source
2757,1,1,1,Pneumonia,train_source
2758,1,1,1,Pneumonia,train_source
2759,1,1,1,Pneumonia,train_source
2760,1,1,1,Pneumonia,train_source
2761,1,1,1,Pneumonia,train_source
2762,1,1,1,Pneumonia,train_source
2763,1,1,1,Pneumonia,train_source
2764,1,1,1,Pneumonia,train_source
2765,1,1,1,Pneumonia,train_source
2766,1,1,1,Pneumonia,train_source
2767,1,1,1,Pneumonia,train_source
2768,1,1,1,Pneumonia,train_source
2769,1,1,1,Pneumonia,train_source
2770,1,1,1,Pneumonia,train_source
2771,1,1,1,Pneumonia,train_source
2772,1,1,1,Pneumonia,train_source
2773,1,1,1,Pneumonia,train_source
2774,1,1,1,Pneumonia,train_source
2775,1,1,1,Pneumonia,train_source
2776,1,1,1,Pneumonia,train_source
2777,1,1,1,Pneumonia,train_source
2778,1,1,1,Pneumonia,train_source
2779,1,1,1,Pneumonia,train_source
2780,1,1,1,Pneumonia,train_source
2781,1,1,1,Pneumonia,train_source
2782,1,1,1,Pneumonia,train_source
2783,1,1,1,Pneumonia,train_source
2784,1,1,1,Pneumonia,train_source
2785,1,1,1,Pneumonia,train_source
2786,1,1,1,Pneumonia,train_source
2787,1,1,1,Pneumonia,train_source
2788,1,1,1,Pneumonia,train_source
2789,1,1,1,Pneumonia,train_source
2790,1,1,1,Pneumonia,train_source
2791,1,1,1,Pneumonia,train_source
2792,1,1,1,Pneumonia,train_source
2793,1,1,1,Pneumonia,train_source
2794,1,1,1,Pneumonia,train_source
2795,1,1,1,Pneumonia,train_source
2796,1,1,1,Pneumonia,train_source
2797,1,1,1,Pneumonia,train_source
2798,1,1,1,Pneumonia,train_source
2799,1,1,1,Pneumonia,train_source
2800,1,1,1,Pneumonia,train_source
2801,1,1,1,Pneumonia,train_source
2802,1,1,1,Pneumonia,train_source
2803,1,1,1,Pneumonia,train_source
2804,1,1,1,Pneumonia,train_source
2805,1,1,1,Pneumonia,train_source
2806,1,1,1,Pneumonia,train_source
2807,1,1,1,Pneumonia,train_source
2808,1,1,1,Pneumonia,train_source
2809,1,1,1,Pneumonia,train_source
2810,1,1,1,Pneumonia,train_source
2811,2,1,1,Pneumonia,train_source
2812,1,1,1,Pneumonia,train_source
2813,1,1,1,Pneumonia,train_source
2814,1,1,1,Pneumonia,train_source
2815,1,1,1,Pneumonia,train_source
2816,1,1,1,Pneumonia,train_source
2817,1,1,1,Pneumonia,train_source
2818,1,1,1,Pneumonia,train_source
2819,1,1,1,Pneumonia,train_source
2820,1,1,1,Pneumonia,train_source
2821,1,1,1,Pneumonia,train_source
2822,1,1,1,Pneumonia,train_source
2823,1,1,1,Pneumonia,train_source
2824,1,1,1,Pneumonia,train_source
2825,1,1,1,Pneumonia,train_source
2826,1,1,1,Pneumonia,train_source
2827,1,1,1,Pneumonia,train_source
2828,1,1,1,Pneumonia,train_source
2829,1,1,1,Pneumonia,train_source
2830,1,1,1,Pneumonia,train_source
2831,1,1,1,Pneumonia,train_source
2832,1,1,1,Pneumonia,train_source
2833,1,1,1,Pneumonia,train_source
2834,1,1,1,Pneumonia,train_source
2835,1,1,1,Pneumonia,train_source
2836,1,1,1,Pneumonia,train_source
2837,1,1,1,Pneumonia,train_source
2838,1,1,1,Pneumonia,train_source
2839,1,1,1,Pneumonia,train_source
2840,1,1,1,Pneumonia,train_source
2841,1,1,1,Pneumonia,train_source
2842,1,1,1,Pneumonia,train_source
2843,1,1,1,Pneumonia,train_source
2844,1,1,1,Pneumonia,train_source
2845,1,1,1,Pneumonia,train_source
2846,1,1,1,Pneumonia,train_source
2847,1,1,1,Pneumonia,train_source
2848,1,1,1,Pneumonia,train_source
2849,1,1,1,Pneumonia,train_source
2850,1,1,1,Pneumonia,train_source
2851,1,1,1,Pneumonia,train_source
2852,1,1,1,Pneumonia,train_source
2853,1,1,1,Pneumonia,train_source
2854,1,1,1,Pneumonia,train_source
2855,1,1,1,Pneumonia,train_source
2856,1,1,1,Pneumonia,train_source
2857,1,1,1,Pneumonia,train_source
2858,1,1,1,Pneumonia,train_source
2859,1,1,1,Pneumonia,train_source
2860,1,1,1,Pneumonia,train_source
2861,2,1,1,Pneumonia,train_source
2862,1,1,1,Pneumonia,train_source
2863,1,1,1,Pneumonia,train_source
2864,1,1,1,Pneumonia,train_source
2865,1,1,1,Pneumonia,train_source
2866,1,1,1,Pneumonia,train_source
2867,1,1,1,Pneumonia,train_source
2868,1,1,1,Pneumonia,train_source
2869,1,1,1,Pneumonia,train_source
2870,1,1,1,Pneumonia,train_source
2871,1,1,1,Pneumonia,train_source
2872,1,1,1,Pneumonia,train_source
2873,1,1,1,Pneumonia,train_source
2874,1,1,1,Pneumonia,train_source
2875,1,1,1,Pneumonia,train_source
2876,1,1,1,Pneumonia,train_source
2877,1,1,1,Pneumonia,train_source
2878,1,1,1,Pneumonia,train_source
2879,1,1,1,Pneumonia,train_source
2880,1,1,1,Pneumonia,train_source
2881,1,1,1,Pneumonia,train_source
2882,1,1,1,Pneumonia,train_source
2883,1,1,1,Pneumonia,train_source
2884,1,1,1,Pneumonia,train_source
2885,1,1,1,Pneumonia,train_source
2886,1,1,1,Pneumonia,train_source
2887,1,1,1,Pneumonia,train_source
2888,1,1,1,Pneumonia,train_source
2889,1,1,1,Pneumonia,train_source
2890,1,1,1,Pneumonia,train_source
2891,1,1,1,Pneumonia,train_source
2892,1,1,1,Pneumonia,train_source
2893,1,1,1,Pneumonia,train_source
2894,1,1,1,Pneumonia,train_source
2895,1,1,1,Pneumonia,train_source
2896,1,1,1,Pneumonia,train_source
2897,1,1,1,Pneumonia,train_source
2898,1,1,1,Pneumonia,train_source
2899,1,1,1,Pneumonia,train_source
2900,1,1,1,Pneumonia,train_source
2901,1,1,1,Pneumonia,train_source
2902,1,1,1,Pneumonia,train_source
2903,1,1,1,Pneumonia,train_source
2904,1,1,1,Pneumonia,train_source
2905,1,1,1,Pneumonia,train_source
2906,1,1,1,Pneumonia,train_source
2907,1,1,1,Pneumonia,train_source
2908,1,1,1,Pneumonia,train_source
2909,1,1,1,Pneumonia,train_source
2910,1,1,1,Pneumonia,train_source
2911,1,1,1,Pneumonia,train_source
2912,1,1,1,Pneumonia,train_source
2913,1,1,1,Pneumonia,train_source
2914,1,1,1,Pneumonia,train_source
2915,1,1,1,Pneumonia,train_source
2916,1,1,1,Pneumonia,train_source
2917,1,1,1,Pneumonia,train_source
2918,1,1,1,Pneumonia,train_source
2919,1,1,1,Pneumonia,train_source
2920,1,1,1,Pneumonia,train_source
2921,1,1,1,Pneumonia,train_source
2922,1,1,1,Pneumonia,train_source
2923,1,1,1,Pneumonia,train_source
2924,1,1,1,Pneumonia,train_source
2925,1,1,1,Pneumonia,train_source
2926,1,1,1,Pneumonia,train_source
2927,1,1,1,Pneumonia,train_source
2928,1,1,1,Pneumonia,train_source
2929,1,1,1,Pneumonia,train_source
2930,1,1,1,Pneumonia,train_source
2931,1,1,1,Pneumonia,train_source
2932,1,1,1,Pneumonia,train_source
2933,1,1,1,Pneumonia,train_source
2934,1,1,1,Pneumonia,train_source
2935,1,1,1,Pneumonia,train_source
2936,1,1,1,Pneumonia,train_source
2937,1,1,1,Pneumonia,train_source
2938,1,1,1,Pneumonia,train_source
2939,1,1,1,Pneumonia,train_source
2940,1,1,1,Pneumonia,train_source
2941,1,1,1,Pneumonia,train_source
2942,1,1,1,Pneumonia,train_source
2943,1,1,1,Pneumonia,train_source
2944,1,1,1,Pneumonia,train_source
2945,1,1,1,Pneumonia,train_source
2946,1,1,1,Pneumonia,train_source
2947,1,1,1,Pneumonia,train_source
2948,1,1,1,Pneumonia,train_source
2949,1,1,1,Pneumonia,train_source
2950,1,1,1,Pneumonia,train_source
2951,1,1,1,Pneumonia,train_source
2952,1,1,1,Pneumonia,train_source
2953,1,1,1,Pneumonia,train_source
2954,1,1,1,Pneumonia,train_source
2955,1,1,1,Pneumonia,train_source
2956,1,1,1,Pneumonia,train_source
2957,1,1,1,Pneumonia,train_source
2958,1,1,1,Pneumonia,train_source
2959,1,1,1,Pneumonia,train_source
2960,1,1,1,Pneumonia,train_source
2961,1,1,1,Pneumonia,train_source
2962,1,1,1,Pneumonia,train_source
2963,1,1,1,Pneumonia,train_source
2964,1,1,1,Pneumonia,train_source
2965,1,1,1,Pneumonia,train_source
2966,1,1,1,Pneumonia,train_source
2967,1,1,1,Pneumonia,train_source
2968,1,1,1,Pneumonia,train_source
2969,1,1,1,Pneumonia,train_source
2970,1,1,1,Pneumonia,train_source
2971,1,1,1,Pneumonia,train_source
2972,1,1,1,Pneumonia,train_source
2973,1,1,1,Pneumonia,train_source
2974,1,1,1,Pneumonia,train_source
2975,1,1,1,Pneumonia,train_source
2976,1,1,1,Pneumonia,train_source
2977,1,1,1,Pneumonia,train_source
2978,1,1,1,Pneumonia,train_source
2979,1,1,1,Pneumonia,train_source
2980,1,1,1,Pneumonia,train_source
2981,1,1,1,Pneumonia,train_source
2982,1,1,1,Pneumonia,train_source
2983,1,1,1,Pneumonia,train_source
2984,1,1,1,Pneumonia,train_source
2985,1,1,1,Pneumonia,train_source
2986,1,1,1,Pneumonia,train_source
2987,1,1,1,Pneumonia,train_source
2988,1,1,1,Pneumonia,train_source
2989,1,1,1,Pneumonia,train_source
2990,1,1,1,Pneumonia,train_source
2991,1,1,1,Pneumonia,train_source
2992,1,1,1,Pneumonia,train_source
2993,1,1,1,Pneumonia,train_source
2994,1,1,1,Pneumonia,train_source
2995,1,1,1,Pneumonia,train_source
2996,1,1,1,Pneumonia,train_source
2997,1,1,1,Pneumonia,train_source
2998,1,1,1,Pneumonia,train_source
2999,1,1,1,Pneumonia,train_source
3000,1,1,1,Pneumonia,train_source
3001,1,1,1,Pneumonia,train_source
3002,1,1,1,Pneumonia,train_source
3003,1,1,1,Pneumonia,train_source
3004,1,1,1,Pneumonia,train_source
3005,1,1,1,Pneumonia,train_source
3006,1,1,1,Pneumonia,train_source
3007,1,1,1,Pneumonia,train_source
3008,1,1,1,Pneumonia,train_source
3009,1,1,1,Pneumonia,train_source
3010,1,1,1,Pneumonia,train_source
3011,1,1,1,Pneumonia,train_source
3012,1,1,1,Pneumonia,train_source
3013,1,1,1,Pneumonia,train_source
3014,1,1,1,Pneumonia,train_source
3015,1,1,1,Pneumonia,train_source
3016,1,1,1,Pneumonia,train_source
3017,2,1,1,Pneumonia,train_source
3018,1,1,1,Pneumonia,train_source
3019,3,2,1,Normal|Pneumonia,train_source
3020,1,1,1,Pneumonia,train_source
3021,1,1,1,Pneumonia,train_source
3022,1,1,1,Pneumonia,train_source
3023,1,1,1,Pneumonia,train_source
3024,1,1,1,Pneumonia,train_source
3025,1,1,1,Pneumonia,train_source
3026,1,1,1,Pneumonia,train_source
3027,1,1,1,Pneumonia,train_source
3028,1,1,1,Pneumonia,train_source
3029,1,1,1,Pneumonia,train_source
3030,1,1,1,Pneumonia,train_source
3031,1,1,1,Pneumonia,train_source
3032,1,1,1,Pneumonia,train_source
3033,1,1,1,Pneumonia,train_source
3034,1,1,1,Pneumonia,train_source
3035,1,1,1,Pneumonia,train_source
3036,1,1,1,Pneumonia,train_source
3037,1,1,1,Pneumonia,train_source
3038,1,1,1,Pneumonia,train_source
3039,1,1,1,Pneumonia,train_source
3040,1,1,1,Pneumonia,train_source
3041,1,1,1,Pneumonia,train_source
3042,1,1,1,Pneumonia,train_source
3043,1,1,1,Pneumonia,train_source
3044,1,1,1,Pneumonia,train_source
3045,1,1,1,Pneumonia,train_source
3046,1,1,1,Pneumonia,train_source
3047,1,1,1,Pneumonia,train_source
3048,1,1,1,Pneumonia,train_source
3049,1,1,1,Pneumonia,train_source
3050,1,1,1,Pneumonia,train_source
3051,1,1,1,Pneumonia,train_source
3052,1,1,1,Pneumonia,train_source
3053,2,1,1,Pneumonia,train_source
3054,2,1,1,Pneumonia,train_source
3055,1,1,1,Pneumonia,train_source
3056,1,1,1,Pneumonia,train_source
3057,1,1,1,Pneumonia,train_source
3058,1,1,1,Pneumonia,train_source
3059,1,1,1,Pneumonia,train_source
3060,1,1,1,Pneumonia,train_source
3061,3,1,1,Pneumonia,train_source
3062,1,1,1,Pneumonia,train_source
3063,1,1,1,Pneumonia,train_source
3064,1,1,1,Pneumonia,train_source
3065,1,1,1,Pneumonia,train_source
3066,1,1,1,Pneumonia,train_source
3067,1,1,1,Pneumonia,train_source
3068,1,1,1,Pneumonia,train_source
3069,1,1,1,Pneumonia,train_source
3070,1,1,1,Pneumonia,train_source
3071,1,1,1,Pneumonia,train_source
3072,1,1,1,Pneumonia,train_source
3073,1,1,1,Pneumonia,train_source
3074,1,1,1,Pneumonia,train_source
3075,1,1,1,Pneumonia,train_source
3076,1,1,1,Pneumonia,train_source
3077,1,1,1,Pneumonia,train_source
3078,1,1,1,Pneumonia,train_source
3079,1,1,1,Pneumonia,train_source
3080,1,1,1,Pneumonia,train_source
3081,1,1,1,Pneumonia,train_source
3082,1,1,1,Pneumonia,train_source
3083,1,1,1,Pneumonia,train_source
3084,1,1,1,Pneumonia,train_source
3085,1,1,1,Pneumonia,train_source
3086,1,1,1,Pneumonia,train_source
3087,1,1,1,Pneumonia,train_source
3088,1,1,1,Pneumonia,train_source
3089,1,1,1,Pneumonia,train_source
3090,1,1,1,Pneumonia,train_source
3091,1,1,1,Pneumonia,train_source
3092,1,1,1,Pneumonia,train_source
3093,1,1,1,Pneumonia,train_source
3094,1,1,1,Pneumonia,train_source
3095,1,1,1,Pneumonia,train_source
3096,1,1,1,Pneumonia,train_source
3097,1,1,1,Pneumonia,train_source
3098,1,1,1,Pneumonia,train_source
3099,1,1,1,Pneumonia,train_source
3100,1,1,1,Pneumonia,train_source
3101,1,1,1,Pneumonia,train_source
3102,1,1,1,Pneumonia,train_source
3103,1,1,1,Pneumonia,train_source
3104,1,1,1,Pneumonia,train_source
3105,1,1,1,Pneumonia,train_source
3106,1,1,1,Pneumonia,train_source
3107,1,1,1,Pneumonia,train_source
3108,1,1,1,Pneumonia,train_source
3109,1,1,1,Pneumonia,train_source
3110,1,1,1,Pneumonia,train_source
3111,1,1,1,Pneumonia,train_source
3112,1,1,1,Pneumonia,train_source
3113,1,1,1,Pneumonia,train_source
3114,1,1,1,Pneumonia,train_source
3115,1,1,1,Pneumonia,train_source
3116,1,1,1,Pneumonia,train_source
3117,1,1,1,Pneumonia,train_source
3118,1,1,1,Pneumonia,train_source
3119,1,1,1,Pneumonia,train_source
3120,1,1,1,Pneumonia,train_source
3121,1,1,1,Pneumonia,train_source
3122,1,1,1,Pneumonia,train_source
3123,1,1,1,Pneumonia,train_source
3124,1,1,1,Pneumonia,train_source
3125,1,1,1,Pneumonia,train_source
3126,1,1,1,Pneumonia,train_source
3127,1,1,1,Pneumonia,train_source
3128,1,1,1,Pneumonia,train_source
3129,1,1,1,Pneumonia,train_source
3130,1,1,1,Pneumonia,train_source
3131,1,1,1,Pneumonia,train_source
3132,1,1,1,Pneumonia,train_source
3133,1,1,1,Pneumonia,train_source
3134,1,1,1,Pneumonia,train_source
3135,1,1,1,Pneumonia,train_source
3136,1,1,1,Pneumonia,train_source
3137,1,1,1,Pneumonia,train_source
3138,1,1,1,Pneumonia,train_source
3139,1,1,1,Pneumonia,train_source
3140,1,1,1,Pneumonia,train_source
3141,1,1,1,Pneumonia,train_source
3142,1,1,1,Pneumonia,train_source
3143,1,1,1,Pneumonia,train_source
3144,1,1,1,Pneumonia,train_source
3145,1,1,1,Pneumonia,train_source
3146,1,1,1,Pneumonia,train_source
3147,1,1,1,Pneumonia,train_source
3148,1,1,1,Pneumonia,train_source
3149,1,1,1,Pneumonia,train_source
3150,1,1,1,Pneumonia,train_source
3151,1,1,1,Pneumonia,train_source
3152,1,1,1,Pneumonia,train_source
3153,1,1,1,Pneumonia,train_source
3154,1,1,1,Pneumonia,train_source
3155,2,1,1,Pneumonia,train_source
3156,1,1,1,Pneumonia,train_source
3157,1,1,1,Pneumonia,train_source
3158,1,1,1,Pneumonia,train_source
3159,1,1,1,Pneumonia,train_source
3160,1,1,1,Pneumonia,train_source
3161,1,1,1,Pneumonia,train_source
3162,1,1,1,Pneumonia,train_source
3163,1,1,1,Pneumonia,train_source
3164,1,1,1,Pneumonia,train_source
3165,2,1,1,Pneumonia,train_source
3166,1,1,1,Pneumonia,train_source
3167,1,1,1,Pneumonia,train_source
3168,1,1,1,Pneumonia,train_source
3169,1,1,1,Pneumonia,train_source
3170,1,1,1,Pneumonia,train_source
3171,1,1,1,Pneumonia,train_source
3172,1,1,1,Pneumonia,train_source
3173,1,1,1,Pneumonia,train_source
3174,1,1,1,Pneumonia,train_source
3175,1,1,1,Pneumonia,train_source
3176,1,1,1,Pneumonia,train_source
3177,1,1,1,Pneumonia,train_source
3178,1,1,1,Pneumonia,train_source
3179,1,1,1,Pneumonia,train_source
3180,1,1,1,Pneumonia,train_source
3181,1,1,1,Pneumonia,train_source
3182,1,1,1,Pneumonia,train_source
3183,1,1,1,Pneumonia,train_source
3184,1,1,1,Pneumonia,train_source
3185,1,1,1,Pneumonia,train_source
3186,1,1,1,Pneumonia,train_source
3187,1,1,1,Pneumonia,train_source
3188,1,1,1,Pneumonia,train_source
3189,1,1,1,Pneumonia,train_source
3190,1,1,1,Pneumonia,train_source
3191,1,1,1,Pneumonia,train_source
3192,1,1,1,Pneumonia,train_source
3193,1,1,1,Pneumonia,train_source
3194,1,1,1,Pneumonia,train_source
3195,1,1,1,Pneumonia,train_source
3196,1,1,1,Pneumonia,train_source
3197,1,1,1,Pneumonia,train_source
3198,1,1,1,Pneumonia,train_source
3199,1,1,1,Pneumonia,train_source
3200,1,1,1,Pneumonia,train_source
3201,1,1,1,Pneumonia,train_source
3202,1,1,1,Pneumonia,train_source
3203,1,1,1,Pneumonia,train_source
3204,1,1,1,Pneumonia,train_source
3205,1,1,1,Pneumonia,train_source
3206,1,1,1,Pneumonia,train_source
3207,1,1,1,Pneumonia,train_source
3208,1,1,1,Pneumonia,train_source
3209,1,1,1,Pneumonia,train_source
3210,1,1,1,Pneumonia,train_source
3211,1,1,1,Pneumonia,train_source
3212,1,1,1,Pneumonia,train_source
3213,1,1,1,Pneumonia,train_source
3214,1,1,1,Pneumonia,train_source
3215,1,1,1,Pneumonia,train_source
3216,1,1,1,Pneumonia,train_source
3217,1,1,1,Pneumonia,train_source
3218,1,1,1,Pneumonia,train_source
3219,1,1,1,Pneumonia,train_source
3220,1,1,1,Pneumonia,train_source
3221,2,1,1,Pneumonia,train_source
3222,1,1,1,Pneumonia,train_source
3223,1,1,1,Pneumonia,train_source
3224,1,1,1,Pneumonia,train_source
3225,1,1,1,Pneumonia,train_source
3226,1,1,1,Pneumonia,train_source
3227,1,1,1,Pneumonia,train_source
3228,1,1,1,Pneumonia,train_source
3229,1,1,1,Pneumonia,train_source
3230,1,1,1,Pneumonia,train_source
3231,1,1,1,Pneumonia,train_source
3232,1,1,1,Pneumonia,train_source
3233,1,1,1,Pneumonia,train_source
3234,1,1,1,Pneumonia,train_source
3235,1,1,1,Pneumonia,train_source
3236,1,1,1,Pneumonia,train_source
3237,1,1,1,Pneumonia,train_source
3238,1,1,1,Pneumonia,train_source
3239,1,1,1,Pneumonia,train_source
3240,1,1,1,Pneumonia,train_source
3241,1,1,1,Pneumonia,train_source
3242,1,1,1,Pneumonia,train_source
3243,1,1,1,Pneumonia,train_source
3244,1,1,1,Pneumonia,train_source
3245,1,1,1,Pneumonia,train_source
3246,1,1,1,Pneumonia,train_source
3247,1,1,1,Pneumonia,train_source
3248,1,1,1,Pneumonia,train_source
3249,1,1,1,Pneumonia,train_source
3250,1,1,1,Pneumonia,train_source
3251,1,1,1,Pneumonia,train_source
3252,1,1,1,Pneumonia,train_source
3253,1,1,1,Pneumonia,train_source
3254,1,1,1,Pneumonia,train_source
3255,1,1,1,Pneumonia,train_source
3256,1,1,1,Pneumonia,train_source
3257,1,1,1,Pneumonia,train_source
3258,1,1,1,Pneumonia,train_source
3259,1,1,1,Pneumonia,train_source
3260,1,1,1,Pneumonia,train_source
3261,1,1,1,Pneumonia,train_source
3262,1,1,1,Pneumonia,train_source
3263,1,1,1,Pneumonia,train_source
3264,1,1,1,Pneumonia,train_source
3265,1,1,1,Pneumonia,train_source
3266,1,1,1,Pneumonia,train_source
3267,1,1,1,Pneumonia,train_source
3268,1,1,1,Pneumonia,train_source
3269,1,1,1,Pneumonia,train_source
3270,1,1,1,Pneumonia,train_source
3271,1,1,1,Pneumonia,train_source
3272,1,1,1,Pneumonia,train_source
3273,1,1,1,Pneumonia,train_source
3274,1,1,1,Pneumonia,train_source
3275,1,1,1,Pneumonia,train_source
3276,1,1,1,Pneumonia,train_source
3277,1,1,1,Pneumonia,train_source
3278,1,1,1,Pneumonia,train_source
3279,1,1,1,Pneumonia,train_source
3280,1,1,1,Pneumonia,train_source
3281,1,1,1,Pneumonia,train_source
3282,1,1,1,Pneumonia,train_source
3283,1,1,1,Pneumonia,train_source
3284,1,1,1,Pneumonia,train_source
3285,1,1,1,Pneumonia,train_source
3286,1,1,1,Pneumonia,train_source
3287,1,1,1,Pneumonia,train_source
3288,1,1,1,Pneumonia,train_source
3289,1,1,1,Pneumonia,train_source
3290,1,1,1,Pneumonia,train_source
3291,1,1,1,Pneumonia,train_source
3292,1,1,1,Pneumonia,train_source
3293,1,1,1,Pneumonia,train_source
3294,1,1,1,Pneumonia,train_source
3295,1,1,1,Pneumonia,train_source
3296,1,1,1,Pneumonia,train_source
3297,1,1,1,Pneumonia,train_source
3298,1,1,1,Pneumonia,train_source
3299,1,1,1,Pneumonia,train_source
3300,1,1,1,Pneumonia,train_source
3301,1,1,1,Pneumonia,train_source
3302,1,1,1,Pneumonia,train_source
3303,1,1,1,Pneumonia,train_source
3304,1,1,1,Pneumonia,train_source
3305,1,1,1,Pneumonia,train_source
3306,1,1,1,Pneumonia,train_source
3307,1,1,1,Pneumonia,train_source
3308,1,1,1,Pneumonia,train_source
3309,1,1,1,Pneumonia,train_source
3310,1,1,1,Pneumonia,train_source
3311,1,1,1,Pneumonia,train_source
3312,1,1,1,Pneumonia,train_source
3313,1,1,1,Pneumonia,train_source
3314,1,1,1,Pneumonia,train_source
3315,1,1,1,Pneumonia,train_source
3316,1,1,1,Pneumonia,train_source
3317,1,1,1,Pneumonia,train_source
3318,1,1,1,Pneumonia,train_source
3319,1,1,1,Pneumonia,train_source
3320,1,1,1,Pneumonia,train_source
3321,1,1,1,Pneumonia,train_source
3322,1,1,1,Pneumonia,train_source
3323,1,1,1,Pneumonia,train_source
3324,1,1,1,Pneumonia,train_source
3325,1,1,1,Pneumonia,train_source
3326,1,1,1,Pneumonia,train_source
3327,1,1,1,Pneumonia,train_source
3328,1,1,1,Pneumonia,train_source
3329,1,1,1,Pneumonia,train_source
3330,1,1,1,Pneumonia,train_source
3331,1,1,1,Pneumonia,train_source
3332,1,1,1,Pneumonia,train_source
3333,1,1,1,Pneumonia,train_source
3334,1,1,1,Pneumonia,train_source
3335,1,1,1,Pneumonia,train_source
3336,1,1,1,Pneumonia,train_source
3337,1,1,1,Pneumonia,train_source
3338,1,1,1,Pneumonia,train_source
3339,1,1,1,Pneumonia,train_source
3340,1,1,1,Pneumonia,train_source
3341,1,1,1,Pneumonia,train_source
3342,1,1,1,Pneumonia,train_source
3343,1,1,1,Pneumonia,train_source
3344,1,1,1,Pneumonia,train_source
3345,1,1,1,Pneumonia,train_source
3346,1,1,1,Pneumonia,train_source
3347,1,1,1,Pneumonia,train_source
3348,1,1,1,Pneumonia,train_source
3349,1,1,1,Pneumonia,train_source
3350,1,1,1,Pneumonia,train_source
3351,1,1,1,Pneumonia,train_source
3352,1,1,1,Pneumonia,train_source
3353,2,1,1,Pneumonia,train_source
3354,1,1,1,Pneumonia,train_source
3355,1,1,1,Pneumonia,train_source
3356,1,1,1,Pneumonia,train_source
3357,1,1,1,Pneumonia,train_source
3358,1,1,1,Pneumonia,train_source
3359,1,1,1,Pneumonia,train_source
3360,1,1,1,Pneumonia,train_source
3361,1,1,1,Pneumonia,train_source
3362,1,1,1,Pneumonia,train_source
3363,1,1,1,Pneumonia,train_source
3364,1,1,1,Pneumonia,train_source
3365,1,1,1,Pneumonia,train_source
3366,1,1,1,Pneumonia,train_source
3367,1,1,1,Pneumonia,train_source
3368,1,1,1,Pneumonia,train_source
3369,1,1,1,Pneumonia,train_source
3370,1,1,1,Pneumonia,train_source
3371,1,1,1,Pneumonia,train_source
3372,1,1,1,Pneumonia,train_source
3373,1,1,1,Pneumonia,train_source
3374,1,1,1,Pneumonia,train_source
3375,1,1,1,Pneumonia,train_source
3376,1,1,1,Pneumonia,train_source
3377,1,1,1,Pneumonia,train_source
3378,1,1,1,Pneumonia,train_source
3379,1,1,1,Pneumonia,train_source
3380,1,1,1,Pneumonia,train_source
3381,1,1,1,Pneumonia,train_source
3382,1,1,1,Pneumonia,train_source
3383,1,1,1,Pneumonia,train_source
3384,1,1,1,Pneumonia,train_source
3385,1,1,1,Pneumonia,train_source
3386,1,1,1,Pneumonia,train_source
3387,1,1,1,Pneumonia,train_source
3388,1,1,1,Pneumonia,train_source
3389,1,1,1,Pneumonia,train_source
3390,1,1,1,Pneumonia,train_source
3391,1,1,1,Pneumonia,train_source
3392,1,1,1,Pneumonia,train_source
3393,1,1,1,Pneumonia,train_source
3394,1,1,1,Pneumonia,train_source
3395,1,1,1,Pneumonia,train_source
3396,1,1,1,Pneumonia,train_source
3397,1,1,1,Pneumonia,train_source
3398,1,1,1,Pneumonia,train_source
3399,1,1,1,Pneumonia,train_source
3400,1,1,1,Pneumonia,train_source
3401,1,1,1,Pneumonia,train_source
3402,1,1,1,Pneumonia,train_source
3403,1,1,1,Pneumonia,train_source
3404,1,1,1,Pneumonia,train_source
3405,1,1,1,Pneumonia,train_source
3406,1,1,1,Pneumonia,train_source
3407,1,1,1,Pneumonia,train_source
3408,1,1,1,Pneumonia,train_source
3409,1,1,1,Pneumonia,train_source
3410,1,1,1,Pneumonia,train_source
3411,1,1,1,Pneumonia,train_source
3412,1,1,1,Pneumonia,train_source
3413,1,1,1,Pneumonia,train_source
3414,1,1,1,Pneumonia,train_source
3415,1,1,1,Pneumonia,train_source
3416,1,1,1,Pneumonia,train_source
3417,1,1,1,Pneumonia,train_source
3418,1,1,1,Pneumonia,train_source
3419,1,1,1,Pneumonia,train_source
3420,1,1,1,Pneumonia,train_source
3421,1,1,1,Pneumonia,train_source
3422,1,1,1,Pneumonia,train_source
3423,1,1,1,Pneumonia,train_source
3424,1,1,1,Pneumonia,train_source
3425,1,1,1,Pneumonia,train_source
3426,1,1,1,Pneumonia,train_source
3427,1,1,1,Pneumonia,train_source
3428,1,1,1,Pneumonia,train_source
3429,1,1,1,Pneumonia,train_source
3430,1,1,1,Pneumonia,train_source
3431,1,1,1,Pneumonia,train_source
3432,1,1,1,Pneumonia,train_source
3433,1,1,1,Pneumonia,train_source
3434,1,1,1,Pneumonia,train_source
3435,1,1,1,Pneumonia,train_source
3436,1,1,1,Pneumonia,train_source
3437,1,1,1,Pneumonia,train_source
3438,1,1,1,Pneumonia,train_source
3439,1,1,1,Pneumonia,train_source
3440,1,1,1,Pneumonia,train_source
3441,1,1,1,Pneumonia,train_source
3442,1,1,1,Pneumonia,train_source
3443,1,1,1,Pneumonia,train_source
3444,1,1,1,Pneumonia,train_source
3445,1,1,1,Pneumonia,train_source
3446,1,1,1,Pneumonia,train_source
3447,1,1,1,Pneumonia,train_source
3448,1,1,1,Pneumonia,train_source
3449,1,1,1,Pneumonia,train_source
3450,1,1,1,Pneumonia,train_source
3451,1,1,1,Pneumonia,train_source
3452,1,1,1,Pneumonia,train_source
3453,1,1,1,Pneumonia,train_source
3454,1,1,1,Pneumonia,train_source
3455,1,1,1,Pneumonia,train_source
3456,1,1,1,Pneumonia,train_source
3457,1,1,1,Pneumonia,train_source
3458,1,1,1,Pneumonia,train_source
3459,1,1,1,Pneumonia,train_source
3460,1,1,1,Pneumonia,train_source
3461,1,1,1,Pneumonia,train_source
3462,1,1,1,Pneumonia,train_source
3463,2,1,1,Pneumonia,train_source
3464,1,1,1,Pneumonia,train_source
3465,1,1,1,Pneumonia,train_source
3466,1,1,1,Pneumonia,train_source
3467,1,1,1,Pneumonia,train_source
3468,1,1,1,Pneumonia,train_source
3469,1,1,1,Pneumonia,train_source
3470,1,1,1,Pneumonia,train_source
3471,1,1,1,Pneumonia,train_source
3472,1,1,1,Pneumonia,train_source
3473,1,1,1,Pneumonia,train_source
3474,1,1,1,Pneumonia,train_source
3475,1,1,1,Pneumonia,train_source
3476,1,1,1,Pneumonia,train_source
3477,1,1,1,Pneumonia,train_source
3478,1,1,1,Pneumonia,train_source
3479,1,1,1,Pneumonia,train_source
3480,1,1,1,Pneumonia,train_source
3481,1,1,1,Pneumonia,train_source
3482,1,1,1,Pneumonia,train_source
3483,1,1,1,Pneumonia,train_source
3484,1,1,1,Pneumonia,train_source
3485,1,1,1,Pneumonia,train_source
3486,1,1,1,Pneumonia,train_source
3487,1,1,1,Pneumonia,train_source
3488,1,1,1,Pneumonia,train_source
3489,1,1,1,Pneumonia,train_source
3490,1,1,1,Pneumonia,train_source
3491,1,1,1,Pneumonia,train_source
3492,1,1,1,Pneumonia,train_source
3493,1,1,1,Pneumonia,train_source
3494,1,1,1,Pneumonia,train_source
3495,1,1,1,Pneumonia,train_source
3496,1,1,1,Pneumonia,train_source
3497,1,1,1,Pneumonia,train_source
3498,1,1,1,Pneumonia,train_source
3499,1,1,1,Pneumonia,train_source
3500,1,1,1,Pneumonia,train_source
3501,1,1,1,Pneumonia,train_source
3502,1,1,1,Pneumonia,train_source
3503,1,1,1,Pneumonia,train_source
3504,1,1,1,Pneumonia,train_source
3505,1,1,1,Pneumonia,train_source
3506,1,1,1,Pneumonia,train_source
3507,1,1,1,Pneumonia,train_source
3508,1,1,1,Pneumonia,train_source
3509,1,1,1,Pneumonia,train_source
3510,1,1,1,Pneumonia,train_source
3511,1,1,1,Pneumonia,train_source
3512,1,1,1,Pneumonia,train_source
3513,1,1,1,Pneumonia,train_source
3514,2,1,1,Pneumonia,train_source
3515,3,2,2,Normal|Pneumonia,test_source|train_source
3516,1,1,1,Pneumonia,train_source
3517,1,1,1,Pneumonia,train_source
3518,1,1,1,Pneumonia,train_source
3519,1,1,1,Pneumonia,train_source
3520,1,1,1,Pneumonia,train_source
3521,1,1,1,Pneumonia,train_source
3522,1,1,1,Pneumonia,train_source
3523,1,1,1,Pneumonia,train_source
3524,1,1,1,Pneumonia,train_source
3525,1,1,1,Pneumonia,train_source
3526,2,1,1,Pneumonia,train_source
3527,1,1,1,Pneumonia,train_source
3528,1,1,1,Pneumonia,train_source
3529,1,1,1,Pneumonia,train_source
3530,1,1,1,Pneumonia,train_source
3531,1,1,1,Pneumonia,train_source
3532,1,1,1,Pneumonia,train_source
3533,1,1,1,Pneumonia,train_source
3534,1,1,1,Pneumonia,train_source
3535,1,1,1,Pneumonia,train_source
3536,1,1,1,Pneumonia,train_source
3537,1,1,1,Pneumonia,train_source
3538,1,1,1,Pneumonia,train_source
3539,1,1,1,Pneumonia,train_source
3540,1,1,1,Pneumonia,train_source
3541,1,1,1,Pneumonia,train_source
3542,1,1,1,Pneumonia,train_source
3543,1,1,1,Pneumonia,train_source
3544,1,1,1,Pneumonia,train_source
3545,1,1,1,Pneumonia,train_source
3546,1,1,1,Pneumonia,train_source
3547,1,1,1,Pneumonia,train_source
3548,1,1,1,Pneumonia,train_source
3549,1,1,1,Pneumonia,train_source
3550,1,1,1,Pneumonia,train_source
3551,1,1,1,Pneumonia,train_source
3552,1,1,1,Pneumonia,train_source
3553,1,1,1,Pneumonia,train_source
3554,1,1,1,Pneumonia,train_source
3555,1,1,1,Pneumonia,train_source
3556,1,1,1,Pneumonia,train_source
3557,1,1,1,Pneumonia,train_source
3558,1,1,1,Pneumonia,train_source
3559,1,1,1,Pneumonia,train_source
3560,1,1,1,Pneumonia,train_source
3561,1,1,1,Pneumonia,train_source
3562,1,1,1,Pneumonia,train_source
3563,1,1,1,Pneumonia,train_source
3564,1,1,1,Pneumonia,train_source
3565,1,1,1,Pneumonia,train_source
3566,1,1,1,Pneumonia,train_source
3567,1,1,1,Pneumonia,train_source
3568,1,1,1,Pneumonia,train_source
3569,1,1,1,Pneumonia,train_source
3570,1,1,1,Pneumonia,train_source
3571,1,1,1,Pneumonia,train_source
3572,1,1,1,Pneumonia,train_source
3573,1,1,1,Pneumonia,train_source
3574,1,1,1,Pneumonia,train_source
3575,1,1,1,Pneumonia,train_source
3576,1,1,1,Pneumonia,train_source
3577,1,1,1,Pneumonia,train_source
3578,1,1,1,Pneumonia,train_source
3579,1,1,1,Pneumonia,train_source
3580,1,1,1,Pneumonia,train_source
3581,1,1,1,Pneumonia,train_source
3582,1,1,1,Pneumonia,train_source
3583,1,1,1,Pneumonia,train_source
3584,1,1,1,Pneumonia,train_source
3585,1,1,1,Pneumonia,train_source
3586,1,1,1,Pneumonia,train_source
3587,1,1,1,Pneumonia,train_source
3588,1,1,1,Pneumonia,train_source
3589,1,1,1,Pneumonia,train_source
3590,1,1,1,Pneumonia,train_source
3591,1,1,1,Pneumonia,train_source
3592,1,1,1,Pneumonia,train_source
3593,1,1,1,Pneumonia,train_source
3594,1,1,1,Pneumonia,train_source
3595,1,1,1,Pneumonia,train_source
3596,1,1,1,Pneumonia,train_source
3597,1,1,1,Pneumonia,train_source
3598,1,1,1,Pneumonia,train_source
3599,1,1,1,Pneumonia,train_source
3600,1,1,1,Pneumonia,train_source
3601,1,1,1,Pneumonia,train_source
3602,1,1,1,Pneumonia,train_source
3603,1,1,1,Pneumonia,train_source
3604,1,1,1,Pneumonia,train_source
3605,1,1,1,Pneumonia,train_source
3606,1,1,1,Pneumonia,train_source
3607,1,1,1,Pneumonia,train_source
3608,1,1,1,Pneumonia,train_source
3609,1,1,1,Pneumonia,train_source
3610,1,1,1,Pneumonia,train_source
3611,1,1,1,Pneumonia,train_source
3612,1,1,1,Pneumonia,train_source
3613,1,1,1,Pneumonia,train_source
3614,1,1,1,Pneumonia,train_source
3615,1,1,1,Pneumonia,train_source
3616,1,1,1,Pneumonia,train_source
3617,1,1,1,Pneumonia,train_source
3618,1,1,1,Pneumonia,train_source
3619,1,1,1,Pneumonia,train_source
3620,1,1,1,Pneumonia,train_source
3621,1,1,1,Pneumonia,train_source
3622,1,1,1,Pneumonia,train_source
3623,1,1,1,Pneumonia,train_source
3624,1,1,1,Pneumonia,train_source
3625,1,1,1,Pneumonia,train_source
3626,1,1,1,Pneumonia,train_source
3627,1,1,1,Pneumonia,train_source
3628,1,1,1,Pneumonia,train_source
3629,1,1,1,Pneumonia,train_source
3630,1,1,1,Pneumonia,train_source
3631,1,1,1,Pneumonia,train_source
3632,1,1,1,Pneumonia,train_source
3633,1,1,1,Pneumonia,train_source
3634,1,1,1,Pneumonia,train_source
3635,1,1,1,Pneumonia,train_source
3636,1,1,1,Pneumonia,train_source
3637,1,1,1,Pneumonia,train_source
3638,1,1,1,Pneumonia,train_source
3639,1,1,1,Pneumonia,train_source
3640,1,1,1,Pneumonia,train_source
3641,1,1,1,Pneumonia,train_source
3642,1,1,1,Pneumonia,train_source
3643,1,1,1,Pneumonia,train_source
3644,1,1,1,Pneumonia,train_source
3645,1,1,1,Pneumonia,train_source
3646,1,1,1,Pneumonia,train_source
3647,1,1,1,Pneumonia,train_source
3648,1,1,1,Pneumonia,train_source
3649,1,1,1,Pneumonia,train_source
3650,1,1,1,Pneumonia,train_source
3651,1,1,1,Pneumonia,train_source
3652,1,1,1,Pneumonia,train_source
3653,1,1,1,Pneumonia,train_source
3654,1,1,1,Pneumonia,train_source
3655,1,1,1,Pneumonia,train_source
3656,1,1,1,Pneumonia,train_source
3657,1,1,1,Pneumonia,train_source
3658,1,1,1,Pneumonia,train_source
3659,1,1,1,Pneumonia,train_source
3660,1,1,1,Pneumonia,train_source
3661,1,1,1,Pneumonia,train_source
3662,1,1,1,Pneumonia,train_source
3663,1,1,1,Pneumonia,train_source
3664,1,1,1,Pneumonia,train_source
3665,1,1,1,Pneumonia,train_source
3666,1,1,1,Pneumonia,train_source
3667,2,1,1,Pneumonia,train_source
3668,1,1,1,Pneumonia,train_source
3669,1,1,1,Pneumonia,train_source
3670,1,1,1,Pneumonia,train_source
3671,1,1,1,Pneumonia,train_source
3672,1,1,1,Pneumonia,train_source
3673,1,1,1,Pneumonia,train_source
3674,1,1,1,Pneumonia,train_source
3675,1,1,1,Pneumonia,train_source
3676,1,1,1,Pneumonia,train_source
3677,1,1,1,Pneumonia,train_source
3678,1,1,1,Pneumonia,train_source
3679,1,1,1,Pneumonia,train_source
3680,1,1,1,Pneumonia,train_source
3681,1,1,1,Pneumonia,train_source
3682,1,1,1,Pneumonia,train_source
3683,1,1,1,Pneumonia,train_source
3684,1,1,1,Pneumonia,train_source
3685,1,1,1,Pneumonia,train_source
3686,1,1,1,Pneumonia,train_source
3687,1,1,1,Pneumonia,train_source
3688,1,1,1,Pneumonia,train_source
3689,1,1,1,Pneumonia,train_source
3690,1,1,1,Pneumonia,train_source
3691,1,1,1,Pneumonia,train_source
3692,1,1,1,Pneumonia,train_source
3693,1,1,1,Pneumonia,train_source
3694,1,1,1,Pneumonia,train_source
3695,1,1,1,Pneumonia,train_source
3696,1,1,1,Pneumonia,train_source
3697,1,1,1,Pneumonia,train_source
3698,1,1,1,Pneumonia,train_source
3699,1,1,1,Pneumonia,train_source
3700,1,1,1,Pneumonia,train_source
3701,1,1,1,Pneumonia,train_source
3702,1,1,1,Pneumonia,train_source
3703,1,1,1,Pneumonia,train_source
3704,1,1,1,Pneumonia,train_source
3705,1,1,1,Pneumonia,train_source
3706,1,1,1,Pneumonia,train_source
3707,1,1,1,Pneumonia,train_source
3708,1,1,1,Pneumonia,train_source
3709,1,1,1,Pneumonia,train_source
3710,1,1,1,Pneumonia,train_source
3711,1,1,1,Pneumonia,train_source
3712,1,1,1,Pneumonia,train_source
3713,1,1,1,Pneumonia,train_source
3714,1,1,1,Pneumonia,train_source
3715,1,1,1,Pneumonia,train_source
3716,1,1,1,Pneumonia,train_source
3717,1,1,1,Pneumonia,train_source
3718,1,1,1,Pneumonia,train_source
3719,1,1,1,Pneumonia,train_source
3720,1,1,1,Pneumonia,train_source
3721,1,1,1,Pneumonia,train_source
3722,1,1,1,Pneumonia,train_source
3723,1,1,1,Pneumonia,train_source
3724,1,1,1,Pneumonia,train_source
3725,1,1,1,Pneumonia,train_source
3726,1,1,1,Pneumonia,train_source
3727,1,1,1,Pneumonia,train_source
3728,1,1,1,Pneumonia,train_source
3729,1,1,1,Pneumonia,train_source
3730,1,1,1,Pneumonia,train_source
3731,1,1,1,Pneumonia,train_source
3732,1,1,1,Pneumonia,train_source
3733,1,1,1,Pneumonia,train_source
3734,1,1,1,Pneumonia,train_source
3735,1,1,1,Pneumonia,train_source
3736,1,1,1,Pneumonia,train_source
3737,1,1,1,Pneumonia,train_source
3738,1,1,1,Pneumonia,train_source
3739,1,1,1,Pneumonia,train_source
3740,1,1,1,Pneumonia,train_source
3741,1,1,1,Pneumonia,train_source
3742,1,1,1,Pneumonia,train_source
3743,2,1,1,Pneumonia,train_source
3744,1,1,1,Pneumonia,train_source
3745,2,1,1,Pneumonia,train_source
3746,1,1,1,Pneumonia,train_source
3747,1,1,1,Pneumonia,train_source
3748,1,1,1,Pneumonia,train_source
3749,1,1,1,Pneumonia,train_source
3750,1,1,1,Pneumonia,train_source
3751,1,1,1,Pneumonia,train_source
3752,1,1,1,Pneumonia,train_source
3753,1,1,1,Pneumonia,train_source
3754,1,1,1,Pneumonia,train_source
3755,1,1,1,Pneumonia,train_source
3756,1,1,1,Pneumonia,train_source
3757,1,1,1,Pneumonia,train_source
3758,1,1,1,Pneumonia,train_source
3759,1,1,1,Pneumonia,train_source
3760,1,1,1,Pneumonia,train_source
3761,1,1,1,Pneumonia,train_source
3762,1,1,1,Pneumonia,train_source
3763,1,1,1,Pneumonia,train_source
3764,1,1,1,Pneumonia,train_source
3765,1,1,1,Pneumonia,train_source
3766,1,1,1,Pneumonia,train_source
3767,1,1,1,Pneumonia,train_source
3768,1,1,1,Pneumonia,train_source
3769,1,1,1,Pneumonia,train_source
3770,1,1,1,Pneumonia,train_source
3771,1,1,1,Pneumonia,train_source
3772,1,1,1,Pneumonia,train_source
3773,1,1,1,Pneumonia,train_source
3774,1,1,1,Pneumonia,train_source
3775,1,1,1,Pneumonia,train_source
3776,1,1,1,Pneumonia,train_source
3777,1,1,1,Pneumonia,train_source
3778,1,1,1,Pneumonia,train_source
3779,1,1,1,Pneumonia,train_source
3780,1,1,1,Pneumonia,train_source
3781,1,1,1,Pneumonia,train_source
3782,1,1,1,Pneumonia,train_source
3783,1,1,1,Pneumonia,train_source
3784,1,1,1,Pneumonia,train_source
3785,1,1,1,Pneumonia,train_source
3786,1,1,1,Pneumonia,train_source
3787,1,1,1,Pneumonia,train_source
3788,1,1,1,Pneumonia,train_source
3789,1,1,1,Pneumonia,train_source
3790,1,1,1,Pneumonia,train_source
3791,2,2,1,Normal|Pneumonia,train_source
3792,1,1,1,Pneumonia,train_source
3793,1,1,1,Pneumonia,train_source
3794,1,1,1,Pneumonia,train_source
3795,1,1,1,Pneumonia,train_source
3796,1,1,1,Pneumonia,train_source
3797,1,1,1,Pneumonia,train_source
3798,1,1,1,Pneumonia,train_source
3799,1,1,1,Pneumonia,train_source
3800,1,1,1,Pneumonia,train_source
3801,1,1,1,Pneumonia,train_source
3802,1,1,1,Pneumonia,train_source
3803,1,1,1,Pneumonia,train_source
3804,1,1,1,Pneumonia,train_source
3805,1,1,1,Pneumonia,train_source
3806,1,1,1,Pneumonia,train_source
3807,1,1,1,Pneumonia,train_source
3808,1,1,1,Pneumonia,train_source
3809,1,1,1,Pneumonia,train_source
3810,1,1,1,Pneumonia,train_source
3811,1,1,1,Pneumonia,train_source
3812,2,2,1,Normal|Pneumonia,train_source
3813,1,1,1,Pneumonia,train_source
3814,1,1,1,Pneumonia,train_source
3815,1,1,1,Pneumonia,train_source
3816,1,1,1,Pneumonia,train_source
3817,1,1,1,Pneumonia,train_source
3818,1,1,1,Pneumonia,train_source
3819,1,1,1,Pneumonia,train_source
3820,1,1,1,Pneumonia,train_source
3821,1,1,1,Pneumonia,train_source
3822,1,1,1,Pneumonia,train_source
3823,1,1,1,Pneumonia,train_source
3824,1,1,1,Pneumonia,train_source
3825,2,1,1,Pneumonia,train_source
3826,1,1,1,Pneumonia,train_source
3827,1,1,1,Pneumonia,train_source
3828,1,1,1,Pneumonia,train_source
3829,1,1,1,Pneumonia,train_source
3830,1,1,1,Pneumonia,train_source
3831,1,1,1,Pneumonia,train_source
3832,1,1,1,Pneumonia,train_source
3833,1,1,1,Pneumonia,train_source
3834,3,1,1,Pneumonia,train_source
3835,1,1,1,Pneumonia,train_source
3836,1,1,1,Pneumonia,train_source
3837,1,1,1,Pneumonia,train_source
3838,1,1,1,Pneumonia,train_source
3839,2,1,1,Pneumonia,train_source
3840,1,1,1,Pneumonia,train_source
3841,1,1,1,Pneumonia,train_source
3842,1,1,1,Pneumonia,train_source
3843,1,1,1,Pneumonia,train_source
3844,1,1,1,Pneumonia,train_source
3845,1,1,1,Pneumonia,train_source
3846,1,1,1,Pneumonia,train_source
3847,1,1,1,Pneumonia,train_source
3848,1,1,1,Pneumonia,train_source
3849,1,1,1,Pneumonia,train_source
3850,1,1,1,Pneumonia,train_source
3851,4,2,2,Normal|Pneumonia,test_source|train_source
3852,1,1,1,Pneumonia,train_source
3853,1,1,1,Pneumonia,train_source
3854,1,1,1,Pneumonia,train_source
3855,1,1,1,Pneumonia,train_source
3856,1,1,1,Pneumonia,train_source
3857,1,1,1,Pneumonia,train_source
3858,1,1,1,Pneumonia,train_source
3859,1,1,1,Pneumonia,train_source
3860,1,1,1,Pneumonia,train_source
3861,1,1,1,Pneumonia,train_source
3862,1,1,1,Pneumonia,train_source
3863,1,1,1,Pneumonia,train_source
3864,1,1,1,Pneumonia,train_source
3865,1,1,1,Pneumonia,train_source
3866,1,1,1,Pneumonia,train_source
3867,1,1,1,Pneumonia,train_source
3868,1,1,1,Pneumonia,train_source
3869,1,1,1,Pneumonia,train_source
3870,1,1,1,Pneumonia,train_source
3871,1,1,1,Pneumonia,train_source
3872,1,1,1,Pneumonia,train_source
3873,1,1,1,Pneumonia,train_source
3874,1,1,1,Pneumonia,train_source
3875,1,1,1,Pneumonia,train_source
3876,1,1,1,Pneumonia,train_source
3877,1,1,1,Pneumonia,train_source
3878,1,1,1,Pneumonia,train_source
3879,1,1,1,Pneumonia,train_source
3880,1,1,1,Pneumonia,train_source
3881,1,1,1,Pneumonia,train_source
3882,1,1,1,Pneumonia,train_source
3883,1,1,1,Pneumonia,train_source
3884,1,1,1,Pneumonia,train_source
3885,1,1,1,Pneumonia,train_source
3886,1,1,1,Pneumonia,train_source
3887,1,1,1,Pneumonia,train_source
3888,1,1,1,Pneumonia,train_source
3889,1,1,1,Pneumonia,train_source
3890,1,1,1,Pneumonia,train_source
3891,1,1,1,Pneumonia,train_source
3892,1,1,1,Pneumonia,train_source
3893,1,1,1,Pneumonia,train_source
3894,1,1,1,Pneumonia,train_source
3895,1,1,1,Pneumonia,train_source
3896,1,1,1,Pneumonia,train_source
3897,1,1,1,Pneumonia,train_source
3898,1,1,1,Pneumonia,train_source
3899,1,1,1,Pneumonia,train_source
3900,1,1,1,Pneumonia,train_source
3901,1,1,1,Pneumonia,train_source
3902,1,1,1,Pneumonia,train_source
3903,1,1,1,Pneumonia,train_source
3904,1,1,1,Pneumonia,train_source
3905,1,1,1,Pneumonia,train_source
3906,1,1,1,Pneumonia,train_source
3907,1,1,1,Pneumonia,train_source
3908,1,1,1,Pneumonia,train_source
3909,1,1,1,Pneumonia,train_source
3910,1,1,1,Pneumonia,train_source
3911,1,1,1,Pneumonia,train_source
3912,1,1,1,Pneumonia,train_source
3913,1,1,1,Pneumonia,train_source
3914,1,1,1,Pneumonia,train_source
3915,1,1,1,Pneumonia,train_source
3916,1,1,1,Pneumonia,train_source
3917,1,1,1,Pneumonia,train_source
3918,1,1,1,Pneumonia,train_source
3919,1,1,1,Pneumonia,train_source
3920,1,1,1,Pneumonia,train_source
3921,1,1,1,Pneumonia,train_source
3922,1,1,1,Pneumonia,train_source
3923,1,1,1,Pneumonia,train_source
3924,1,1,1,Pneumonia,train_source
3925,1,1,1,Pneumonia,train_source
3926,1,1,1,Pneumonia,train_source
3927,1,1,1,Pneumonia,train_source
3928,1,1,1,Pneumonia,train_source
3929,1,1,1,Pneumonia,train_source
3930,1,1,1,Pneumonia,train_source
3931,1,1,1,Pneumonia,train_source
3932,1,1,1,Pneumonia,train_source
3933,3,1,1,Pneumonia,train_source
3934,1,1,1,Pneumonia,train_source
3935,1,1,1,Pneumonia,train_source
3936,1,1,1,Pneumonia,train_source
3937,1,1,1,Pneumonia,train_source
3938,1,1,1,Pneumonia,train_source
3939,1,1,1,Pneumonia,train_source
3940,1,1,1,Pneumonia,train_source
3941,1,1,1,Pneumonia,train_source
3942,1,1,1,Pneumonia,train_source
3943,1,1,1,Pneumonia,train_source
3944,1,1,1,Pneumonia,train_source
3945,1,1,1,Pneumonia,train_source
3946,1,1,1,Pneumonia,train_source
3947,1,1,1,Pneumonia,train_source
3948,1,1,1,Pneumonia,train_source
3949,1,1,1,Pneumonia,train_source
3950,1,1,1,Pneumonia,train_source
3951,1,1,1,Pneumonia,train_source
3952,1,1,1,Pneumonia,train_source
3953,1,1,1,Pneumonia,train_source
3954,1,1,1,Pneumonia,train_source
3955,1,1,1,Pneumonia,train_source
3956,1,1,1,Pneumonia,train_source
3957,1,1,1,Pneumonia,train_source
3958,1,1,1,Pneumonia,train_source
3959,1,1,1,Pneumonia,train_source
3960,1,1,1,Pneumonia,train_source
3961,1,1,1,Pneumonia,train_source
3962,1,1,1,Pneumonia,train_source
3963,1,1,1,Pneumonia,train_source
3964,1,1,1,Pneumonia,train_source
3965,2,1,1,Pneumonia,train_source
3966,1,1,1,Pneumonia,train_source
3967,1,1,1,Pneumonia,train_source
3968,1,1,1,Pneumonia,train_source
3969,1,1,1,Pneumonia,train_source
3970,1,1,1,Pneumonia,train_source
3971,1,1,1,Pneumonia,train_source
3972,1,1,1,Pneumonia,train_source
3973,1,1,1,Pneumonia,train_source
3974,1,1,1,Pneumonia,train_source
3975,1,1,1,Pneumonia,train_source
3976,1,1,1,Pneumonia,train_source
3977,1,1,1,Pneumonia,train_source
3978,1,1,1,Pneumonia,train_source
3979,1,1,1,Pneumonia,train_source
3980,1,1,1,Pneumonia,train_source
3981,1,1,1,Pneumonia,train_source
3982,1,1,1,Pneumonia,train_source
3983,1,1,1,Pneumonia,train_source
3984,1,1,1,Pneumonia,train_source
3985,1,1,1,Pneumonia,train_source
3986,1,1,1,Pneumonia,train_source
3987,1,1,1,Pneumonia,train_source
3988,1,1,1,Pneumonia,train_source
3989,1,1,1,Pneumonia,train_source
3990,1,1,1,Pneumonia,train_source
3991,1,1,1,Pneumonia,train_source
3992,1,1,1,Pneumonia,train_source
3993,2,1,1,Pneumonia,train_source
3994,1,1,1,Pneumonia,train_source
3995,1,1,1,Pneumonia,train_source
3996,1,1,1,Pneumonia,train_source
3997,1,1,1,Pneumonia,train_source
3998,1,1,1,Pneumonia,train_source
3999,1,1,1,Pneumonia,train_source
4000,1,1,1,Pneumonia,train_source
4001,1,1,1,Pneumonia,train_source
4002,1,1,1,Pneumonia,train_source
4003,1,1,1,Pneumonia,train_source
4004,1,1,1,Pneumonia,train_source
4005,1,1,1,Pneumonia,train_source
4006,1,1,1,Pneumonia,train_source
4007,1,1,1,Pneumonia,train_source
4008,1,1,1,Pneumonia,train_source
4009,1,1,1,Pneumonia,train_source
4010,1,1,1,Pneumonia,train_source
4011,1,1,1,Pneumonia,train_source
4012,1,1,1,Pneumonia,train_source
4013,1,1,1,Pneumonia,train_source
4014,1,1,1,Pneumonia,train_source
4015,1,1,1,Pneumonia,train_source
4016,1,1,1,Pneumonia,train_source
4017,1,1,1,Pneumonia,train_source
4018,1,1,1,Pneumonia,train_source
4019,1,1,1,Pneumonia,train_source
4020,1,1,1,Pneumonia,train_source
4021,1,1,1,Pneumonia,train_source
4022,1,1,1,Pneumonia,train_source
4023,1,1,1,Pneumonia,train_source
4024,1,1,1,Pneumonia,train_source
4025,1,1,1,Pneumonia,train_source
4026,1,1,1,Pneumonia,train_source
4027,1,1,1,Pneumonia,train_source
4028,1,1,1,Pneumonia,train_source
4029,1,1,1,Pneumonia,train_source
4030,1,1,1,Pneumonia,train_source
4031,1,1,1,Pneumonia,train_source
4032,1,1,1,Pneumonia,train_source
4033,1,1,1,Pneumonia,train_source
4034,1,1,1,Pneumonia,train_source
4035,1,1,1,Pneumonia,train_source
4036,1,1,1,Pneumonia,train_source
4037,1,1,1,Pneumonia,train_source
4038,1,1,1,Pneumonia,train_source
4039,1,1,1,Pneumonia,train_source
4040,1,1,1,Pneumonia,train_source
4041,1,1,1,Pneumonia,train_source
4042,1,1,1,Pneumonia,train_source
4043,1,1,1,Pneumonia,train_source
4044,1,1,1,Pneumonia,train_source
4045,1,1,1,Pneumonia,train_source
4046,1,1,1,Pneumonia,train_source
4047,1,1,1,Pneumonia,train_source
4048,1,1,1,Pneumonia,train_source
4049,1,1,1,Pneumonia,train_source
4050,1,1,1,Pneumonia,train_source
4051,1,1,1,Pneumonia,train_source
4052,1,1,1,Pneumonia,train_source
4053,1,1,1,Pneumonia,train_source
4054,1,1,1,Pneumonia,train_source
4055,1,1,1,Pneumonia,train_source
4056,1,1,1,Pneumonia,train_source
4057,1,1,1,Pneumonia,train_source
4058,1,1,1,Pneumonia,train_source
4059,1,1,1,Pneumonia,train_source
4060,1,1,1,Pneumonia,train_source
4061,1,1,1,Pneumonia,train_source
4062,1,1,1,Pneumonia,train_source
4063,1,1,1,Pneumonia,train_source
4064,2,1,1,Pneumonia,train_source
4065,1,1,1,Pneumonia,train_source
4066,1,1,1,Pneumonia,train_source
4067,1,1,1,Pneumonia,train_source
4068,1,1,1,Pneumonia,train_source
4069,1,1,1,Pneumonia,train_source
4070,1,1,1,Pneumonia,train_source
4071,1,1,1,Pneumonia,train_source
4072,1,1,1,Pneumonia,train_source
4073,1,1,1,Pneumonia,train_source
4074,1,1,1,Pneumonia,train_source
4075,1,1,1,Pneumonia,train_source
4076,1,1,1,Pneumonia,train_source
4077,1,1,1,Pneumonia,train_source
4078,1,1,1,Pneumonia,train_source
4079,1,1,1,Pneumonia,train_source
4080,1,1,1,Pneumonia,train_source
4081,1,1,1,Pneumonia,train_source
4082,1,1,1,Pneumonia,train_source
4083,1,1,1,Pneumonia,train_source
4084,1,1,1,Pneumonia,train_source
4085,1,1,1,Pneumonia,train_source
4086,1,1,1,Pneumonia,train_source
4087,1,1,1,Pneumonia,train_source
4088,1,1,1,Pneumonia,train_source
4089,1,1,1,Pneumonia,train_source
4090,1,1,1,Pneumonia,train_source
4091,1,1,1,Pneumonia,train_source
4092,1,1,1,Pneumonia,train_source
4093,1,1,1,Pneumonia,train_source
4094,1,1,1,Pneumonia,train_source
4095,1,1,1,Pneumonia,train_source
4096,1,1,1,Pneumonia,train_source
4097,1,1,1,Pneumonia,train_source
4098,1,1,1,Pneumonia,train_source
4099,1,1,1,Pneumonia,train_source
4100,1,1,1,Pneumonia,train_source
4101,1,1,1,Pneumonia,train_source
4102,1,1,1,Pneumonia,train_source
4103,1,1,1,Pneumonia,train_source
4104,1,1,1,Pneumonia,train_source
4105,1,1,1,Pneumonia,train_source
4106,1,1,1,Pneumonia,train_source
4107,1,1,1,Pneumonia,train_source
4108,1,1,1,Pneumonia,train_source
4109,1,1,1,Pneumonia,train_source
4110,1,1,1,Pneumonia,train_source
4111,1,1,1,Pneumonia,train_source
4112,1,1,1,Pneumonia,train_source
4113,1,1,1,Pneumonia,train_source
4114,1,1,1,Pneumonia,train_source
4115,1,1,1,Pneumonia,train_source
4116,1,1,1,Pneumonia,train_source
4117,1,1,1,Pneumonia,train_source
4118,1,1,1,Pneumonia,train_source
4119,1,1,1,Pneumonia,train_source
4120,1,1,1,Pneumonia,train_source
4121,2,1,1,Pneumonia,train_source
4122,1,1,1,Pneumonia,train_source
4123,1,1,1,Pneumonia,train_source
4124,1,1,1,Pneumonia,train_source
4125,1,1,1,Pneumonia,train_source
4126,1,1,1,Pneumonia,train_source
4127,1,1,1,Pneumonia,train_source
4128,1,1,1,Pneumonia,train_source
4129,1,1,1,Pneumonia,train_source
4130,1,1,1,Pneumonia,train_source
4131,1,1,1,Pneumonia,train_source
4132,1,1,1,Pneumonia,train_source
4133,1,1,1,Pneumonia,train_source
4134,1,1,1,Pneumonia,train_source
4135,1,1,1,Pneumonia,train_source
4136,1,1,1,Pneumonia,train_source
4137,1,1,1,Pneumonia,train_source
4138,1,1,1,Pneumonia,train_source
4139,1,1,1,Pneumonia,train_source
4140,1,1,1,Pneumonia,train_source
4141,1,1,1,Pneumonia,train_source
4142,1,1,1,Pneumonia,train_source
4143,1,1,1,Pneumonia,train_source
4144,1,1,1,Pneumonia,train_source
4145,1,1,1,Pneumonia,train_source
4146,1,1,1,Pneumonia,train_source
4147,1,1,1,Pneumonia,train_source
4148,1,1,1,Pneumonia,train_source
4149,1,1,1,Pneumonia,train_source
4150,1,1,1,Pneumonia,train_source
4151,1,1,1,Pneumonia,train_source
4152,1,1,1,Pneumonia,train_source
4153,1,1,1,Pneumonia,train_source
4154,1,1,1,Pneumonia,train_source
4155,1,1,1,Pneumonia,train_source
4156,1,1,1,Pneumonia,train_source
4157,1,1,1,Pneumonia,train_source
4158,1,1,1,Pneumonia,train_source
4159,1,1,1,Pneumonia,train_source
4160,1,1,1,Pneumonia,train_source
4161,1,1,1,Pneumonia,train_source
4162,1,1,1,Pneumonia,train_source
4163,1,1,1,Pneumonia,train_source
4164,1,1,1,Pneumonia,train_source
4165,1,1,1,Pneumonia,train_source
4166,1,1,1,Pneumonia,train_source
4167,1,1,1,Pneumonia,train_source
4168,1,1,1,Pneumonia,train_source
4169,1,1,1,Pneumonia,train_source
4170,1,1,1,Pneumonia,train_source
4171,1,1,1,Pneumonia,train_source
4172,1,1,1,Pneumonia,train_source
4173,1,1,1,Pneumonia,train_source
4174,1,1,1,Pneumonia,train_source
4175,1,1,1,Pneumonia,train_source
4176,1,1,1,Pneumonia,train_source
4177,1,1,1,Pneumonia,train_source
4178,1,1,1,Pneumonia,train_source
4179,1,1,1,Pneumonia,train_source
4180,1,1,1,Pneumonia,train_source
4181,1,1,1,Pneumonia,train_source
4182,1,1,1,Pneumonia,train_source
4183,1,1,1,Pneumonia,train_source
4184,1,1,1,Pneumonia,train_source
4185,1,1,1,Pneumonia,train_source
4186,1,1,1,Pneumonia,train_source
4187,1,1,1,Pneumonia,train_source
4188,1,1,1,Pneumonia,train_source
4189,1,1,1,Pneumonia,train_source
4190,1,1,1,Pneumonia,train_source
4191,1,1,1,Pneumonia,train_source
4192,1,1,1,Pneumonia,train_source
4193,1,1,1,Pneumonia,train_source
4194,1,1,1,Pneumonia,train_source
4195,1,1,1,Pneumonia,train_source
4196,1,1,1,Pneumonia,train_source
4197,1,1,1,Pneumonia,train_source
4198,1,1,1,Pneumonia,train_source
4199,1,1,1,Pneumonia,train_source
4200,1,1,1,Pneumonia,train_source
4201,1,1,1,Pneumonia,train_source
4202,1,1,1,Pneumonia,train_source
4203,1,1,1,Pneumonia,train_source
4204,1,1,1,Pneumonia,train_source
4205,1,1,1,Pneumonia,train_source
4206,1,1,1,Pneumonia,train_source
4207,1,1,1,Pneumonia,train_source
4208,1,1,1,Pneumonia,train_source
4209,1,1,1,Pneumonia,train_source
4210,2,1,1,Pneumonia,train_source
4211,1,1,1,Pneumonia,train_source
4212,1,1,1,Pneumonia,train_source
4213,1,1,1,Pneumonia,train_source
4214,1,1,1,Pneumonia,train_source
4215,1,1,1,Pneumonia,train_source
4216,1,1,1,Pneumonia,train_source
4217,1,1,1,Pneumonia,train_source
4218,1,1,1,Pneumonia,train_source
4219,1,1,1,Pneumonia,train_source
4220,1,1,1,Pneumonia,train_source
4221,1,1,1,Pneumonia,train_source
4222,1,1,1,Pneumonia,train_source
4223,1,1,1,Pneumonia,train_source
4224,1,1,1,Pneumonia,train_source
4225,1,1,1,Pneumonia,train_source
4226,1,1,1,Pneumonia,train_source
4227,1,1,1,Pneumonia,train_source
4228,1,1,1,Pneumonia,train_source
4229,1,1,1,Pneumonia,train_source
4230,1,1,1,Pneumonia,train_source
4231,1,1,1,Pneumonia,train_source
4232,1,1,1,Pneumonia,train_source
4233,1,1,1,Pneumonia,train_source
4234,1,1,1,Pneumonia,train_source
4235,2,1,1,Pneumonia,train_source
4236,1,1,1,Pneumonia,train_source
4237,1,1,1,Pneumonia,train_source
4238,1,1,1,Pneumonia,train_source
4239,1,1,1,Pneumonia,train_source
4240,1,1,1,Pneumonia,train_source
4241,1,1,1,Pneumonia,train_source
4242,1,1,1,Pneumonia,train_source
4243,1,1,1,Pneumonia,train_source
4244,1,1,1,Pneumonia,train_source
4245,1,1,1,Pneumonia,train_source
4246,1,1,1,Pneumonia,train_source
4247,1,1,1,Pneumonia,train_source
4248,1,1,1,Pneumonia,train_source
4249,1,1,1,Pneumonia,train_source
4250,1,1,1,Pneumonia,train_source
4251,1,1,1,Pneumonia,train_source
4252,1,1,1,Pneumonia,train_source
4253,1,1,1,Pneumonia,train_source
4254,1,1,1,Pneumonia,train_source
4255,1,1,1,Pneumonia,train_source
4256,2,2,1,Normal|Pneumonia,train_source
4257,1,1,1,Pneumonia,train_source
4258,1,1,1,Pneumonia,train_source
4259,1,1,1,Pneumonia,train_source
4260,1,1,1,Pneumonia,train_source
4261,1,1,1,Pneumonia,train_source
4262,1,1,1,Pneumonia,train_source
4263,1,1,1,Pneumonia,train_source
4264,1,1,1,Pneumonia,train_source
4265,1,1,1,Pneumonia,train_source
4266,1,1,1,Pneumonia,train_source
4267,1,1,1,Pneumonia,train_source
4268,1,1,1,Pneumonia,train_source
4269,1,1,1,Pneumonia,train_source
4270,1,1,1,Pneumonia,train_source
4271,1,1,1,Pneumonia,train_source
4272,1,1,1,Pneumonia,train_source
4273,1,1,1,Pneumonia,train_source
4274,1,1,1,Pneumonia,train_source
4275,1,1,1,Pneumonia,train_source
4276,1,1,1,Pneumonia,train_source
4277,1,1,1,Pneumonia,train_source
4278,1,1,1,Pneumonia,train_source
4279,1,1,1,Pneumonia,train_source
4280,1,1,1,Pneumonia,train_source
4281,1,1,1,Pneumonia,train_source
4282,1,1,1,Pneumonia,train_source
4283,1,1,1,Pneumonia,train_source
4284,1,1,1,Pneumonia,train_source
4285,1,1,1,Pneumonia,train_source
4286,1,1,1,Pneumonia,train_source
4287,1,1,1,Pneumonia,train_source
4288,1,1,1,Pneumonia,train_source
4289,1,1,1,Pneumonia,train_source
4290,1,1,1,Pneumonia,train_source
4291,1,1,1,Pneumonia,train_source
4292,1,1,1,Pneumonia,train_source
4293,1,1,1,Pneumonia,train_source
4294,1,1,1,Pneumonia,train_source
4295,1,1,1,Pneumonia,train_source
4296,5,2,1,Normal|Pneumonia,train_source
4297,1,1,1,Pneumonia,train_source
4298,1,1,1,Pneumonia,train_source
4299,1,1,1,Pneumonia,train_source
4300,1,1,1,Pneumonia,train_source
4301,1,1,1,Pneumonia,train_source
4302,1,1,1,Pneumonia,train_source
4303,1,1,1,Pneumonia,train_source
4304,1,1,1,Pneumonia,train_source
4305,1,1,1,Pneumonia,train_source
4306,1,1,1,Pneumonia,train_source
4307,1,1,1,Pneumonia,train_source
4308,1,1,1,Pneumonia,train_source
4309,1,1,1,Pneumonia,train_source
4310,1,1,1,Pneumonia,train_source
4311,1,1,1,Pneumonia,train_source
4312,1,1,1,Pneumonia,train_source
4313,1,1,1,Pneumonia,train_source
4314,1,1,1,Pneumonia,train_source
4315,1,1,1,Pneumonia,train_source
4316,1,1,1,Pneumonia,train_source
4317,1,1,1,Pneumonia,train_source
4318,1,1,1,Pneumonia,train_source
4319,1,1,1,Pneumonia,train_source
4320,1,1,1,Pneumonia,train_source
4321,1,1,1,Pneumonia,train_source
4322,1,1,1,Pneumonia,train_source
4323,1,1,1,Pneumonia,train_source
4324,1,1,1,Pneumonia,train_source
4325,1,1,1,Pneumonia,train_source
4326,1,1,1,Pneumonia,train_source
4327,1,1,1,Pneumonia,train_source
4328,1,1,1,Pneumonia,train_source
4329,1,1,1,Pneumonia,train_source
4330,1,1,1,Pneumonia,train_source
4331,1,1,1,Pneumonia,train_source
4332,1,1,1,Pneumonia,train_source
4333,1,1,1,Pneumonia,train_source
4334,1,1,1,Pneumonia,train_source
4335,1,1,1,Pneumonia,train_source
4336,1,1,1,Pneumonia,train_source
4337,1,1,1,Pneumonia,train_source
4338,1,1,1,Pneumonia,train_source
4339,1,1,1,Pneumonia,train_source
4340,1,1,1,Pneumonia,train_source
4341,1,1,1,Pneumonia,train_source
4342,1,1,1,Pneumonia,train_source
4343,1,1,1,Pneumonia,train_source
4344,1,1,1,Pneumonia,train_source
4345,2,1,1,Pneumonia,train_source
4346,1,1,1,Pneumonia,train_source
4347,1,1,1,Pneumonia,train_source
4348,1,1,1,Pneumonia,train_source
4349,1,1,1,Pneumonia,train_source
4350,1,1,1,Pneumonia,train_source
4351,1,1,1,Pneumonia,train_source
4352,1,1,1,Pneumonia,train_source
4353,1,1,1,Pneumonia,train_source
4354,1,1,1,Pneumonia,train_source
4355,1,1,1,Pneumonia,train_source
4356,1,1,1,Pneumonia,train_source
4357,1,1,1,Pneumonia,train_source
4358,1,1,1,Pneumonia,train_source
4359,1,1,1,Pneumonia,train_source
4360,1,1,1,Pneumonia,train_source
4361,1,1,1,Pneumonia,train_source
4362,1,1,1,Pneumonia,train_source
4363,1,1,1,Pneumonia,train_source
4364,1,1,1,Pneumonia,train_source
4365,1,1,1,Pneumonia,train_source
4366,1,1,1,Pneumonia,train_source
4367,1,1,1,Pneumonia,train_source
4368,1,1,1,Pneumonia,train_source
4369,1,1,1,Pneumonia,train_source
4370,1,1,1,Pneumonia,train_source
4371,1,1,1,Pneumonia,train_source
4372,1,1,1,Pneumonia,train_source
4373,1,1,1,Pneumonia,train_source
4374,1,1,1,Pneumonia,train_source
4375,1,1,1,Pneumonia,train_source
4376,1,1,1,Pneumonia,train_source
4377,1,1,1,Pneumonia,train_source
4378,1,1,1,Pneumonia,train_source
4379,1,1,1,Pneumonia,train_source
4380,1,1,1,Pneumonia,train_source
4381,1,1,1,Pneumonia,train_source
4382,1,1,1,Pneumonia,train_source
4383,1,1,1,Pneumonia,train_source
4384,1,1,1,Pneumonia,train_source
4385,1,1,1,Pneumonia,train_source
4386,1,1,1,Pneumonia,train_source
4387,1,1,1,Pneumonia,train_source
4388,1,1,1,Pneumonia,train_source
4389,1,1,1,Pneumonia,train_source
4390,1,1,1,Pneumonia,train_source
4391,1,1,1,Pneumonia,train_source
4392,1,1,1,Pneumonia,train_source
4393,1,1,1,Pneumonia,train_source
4394,1,1,1,Pneumonia,train_source
4395,1,1,1,Pneumonia,train_source
4396,1,1,1,Pneumonia,train_source
4397,1,1,1,Pneumonia,train_source
4398,1,1,1,Pneumonia,train_source
4399,1,1,1,Pneumonia,train_source
4400,1,1,1,Pneumonia,train_source
4401,1,1,1,Pneumonia,train_source
4402,1,1,1,Pneumonia,train_source
4403,1,1,1,Pneumonia,train_source
4404,1,1,1,Pneumonia,train_source
4405,1,1,1,Pneumonia,train_source
4406,1,1,1,Pneumonia,train_source
4407,1,1,1,Pneumonia,train_source
4408,1,1,1,Pneumonia,train_source
4409,1,1,1,Pneumonia,train_source
4410,1,1,1,Pneumonia,train_source
4411,1,1,1,Pneumonia,train_source
4412,1,1,1,Pneumonia,train_source
4413,1,1,1,Pneumonia,train_source
4414,1,1,1,Pneumonia,train_source
4415,1,1,1,Pneumonia,train_source
4416,1,1,1,Pneumonia,train_source
4417,1,1,1,Pneumonia,train_source
4418,1,1,1,Pneumonia,train_source
4419,1,1,1,Pneumonia,train_source
4420,1,1,1,Pneumonia,train_source
4421,1,1,1,Pneumonia,train_source
4422,1,1,1,Pneumonia,train_source
4423,1,1,1,Pneumonia,train_source
4424,1,1,1,Pneumonia,train_source
4425,1,1,1,Pneumonia,train_source
4426,1,1,1,Pneumonia,train_source
4427,1,1,1,Pneumonia,train_source
4428,1,1,1,Pneumonia,train_source
4429,1,1,1,Pneumonia,train_source
4430,1,1,1,Pneumonia,train_source
4431,1,1,1,Pneumonia,train_source
4432,1,1,1,Pneumonia,train_source
4433,1,1,1,Pneumonia,train_source
4434,1,1,1,Pneumonia,train_source
4435,1,1,1,Pneumonia,train_source
4436,1,1,1,Pneumonia,train_source
4437,1,1,1,Pneumonia,train_source
4438,1,1,1,Pneumonia,train_source
4439,1,1,1,Pneumonia,train_source
4440,1,1,1,Pneumonia,train_source
4441,1,1,1,Pneumonia,train_source
4442,1,1,1,Pneumonia,train_source
4443,1,1,1,Pneumonia,train_source
4444,1,1,1,Pneumonia,train_source
4445,1,1,1,Pneumonia,train_source
4446,2,1,1,Pneumonia,train_source
4447,1,1,1,Pneumonia,train_source
4448,1,1,1,Pneumonia,train_source
4449,1,1,1,Pneumonia,train_source
4450,1,1,1,Pneumonia,train_source
4451,1,1,1,Pneumonia,train_source
4452,1,1,1,Pneumonia,train_source
4453,1,1,1,Pneumonia,train_source
4454,1,1,1,Pneumonia,train_source
4455,1,1,1,Pneumonia,train_source
4456,1,1,1,Pneumonia,train_source
4457,1,1,1,Pneumonia,train_source
4458,1,1,1,Pneumonia,train_source
4459,1,1,1,Pneumonia,train_source
4460,1,1,1,Pneumonia,train_source
4461,1,1,1,Pneumonia,train_source
4462,1,1,1,Pneumonia,train_source
4463,1,1,1,Pneumonia,train_source
4464,1,1,1,Pneumonia,train_source
4465,1,1,1,Pneumonia,train_source
4466,1,1,1,Pneumonia,train_source
4467,1,1,1,Pneumonia,train_source
4468,1,1,1,Pneumonia,train_source
4469,1,1,1,Pneumonia,train_source
4470,2,1,1,Pneumonia,train_source
4471,1,1,1,Pneumonia,train_source
4472,1,1,1,Pneumonia,train_source
4473,1,1,1,Pneumonia,train_source
4474,1,1,1,Pneumonia,train_source
4475,1,1,1,Pneumonia,train_source
4476,1,1,1,Pneumonia,train_source
4477,1,1,1,Pneumonia,train_source
4478,1,1,1,Pneumonia,train_source
4479,1,1,1,Pneumonia,train_source
4480,1,1,1,Pneumonia,train_source
4481,1,1,1,Pneumonia,train_source
4482,1,1,1,Pneumonia,train_source
4483,1,1,1,Pneumonia,train_source
4484,1,1,1,Pneumonia,train_source
4485,1,1,1,Pneumonia,train_source
4486,1,1,1,Pneumonia,train_source
4487,1,1,1,Pneumonia,train_source
4488,1,1,1,Pneumonia,train_source
4489,1,1,1,Pneumonia,train_source
4490,1,1,1,Pneumonia,train_source
4491,1,1,1,Pneumonia,train_source
4492,1,1,1,Pneumonia,train_source
4493,1,1,1,Pneumonia,train_source
4494,1,1,1,Pneumonia,train_source
4495,1,1,1,Pneumonia,train_source
4496,1,1,1,Pneumonia,train_source
4497,1,1,1,Pneumonia,train_source
4498,1,1,1,Pneumonia,train_source
4499,1,1,1,Pneumonia,train_source
4500,1,1,1,Pneumonia,train_source
4501,1,1,1,Pneumonia,train_source
4502,1,1,1,Pneumonia,train_source
4503,1,1,1,Pneumonia,train_source
4504,1,1,1,Pneumonia,train_source
4505,1,1,1,Pneumonia,train_source
4506,1,1,1,Pneumonia,train_source
4507,1,1,1,Pneumonia,train_source
4508,1,1,1,Pneumonia,train_source
4509,1,1,1,Pneumonia,train_source
4510,1,1,1,Pneumonia,train_source
4511,1,1,1,Pneumonia,train_source
4512,1,1,1,Pneumonia,train_source
4513,2,1,1,Pneumonia,train_source
4514,1,1,1,Pneumonia,train_source
4515,2,1,1,Pneumonia,train_source
4516,1,1,1,Pneumonia,train_source
4517,1,1,1,Pneumonia,train_source
4518,1,1,1,Pneumonia,train_source
4519,1,1,1,Pneumonia,train_source
4520,1,1,1,Pneumonia,train_source
4521,1,1,1,Pneumonia,train_source
4522,1,1,1,Pneumonia,train_source
4523,1,1,1,Pneumonia,train_source
4524,1,1,1,Pneumonia,train_source
4525,1,1,1,Pneumonia,train_source
4526,1,1,1,Pneumonia,train_source
4527,1,1,1,Pneumonia,train_source
4528,1,1,1,Pneumonia,train_source
4529,1,1,1,Pneumonia,train_source
4530,2,1,1,Pneumonia,train_source
4531,1,1,1,Pneumonia,train_source
4532,1,1,1,Pneumonia,train_source
4533,1,1,1,Pneumonia,train_source
4534,2,2,1,Normal|Pneumonia,train_source
4535,1,1,1,Pneumonia,train_source
4536,1,1,1,Pneumonia,train_source
4537,1,1,1,Pneumonia,train_source
4538,1,1,1,Pneumonia,train_source
4539,1,1,1,Pneumonia,train_source
4540,1,1,1,Pneumonia,train_source
4541,1,1,1,Pneumonia,train_source
4542,1,1,1,Pneumonia,train_source
4543,1,1,1,Pneumonia,train_source
4544,1,1,1,Pneumonia,train_source
4545,1,1,1,Pneumonia,train_source
4546,1,1,1,Pneumonia,train_source
4547,1,1,1,Pneumonia,train_source
4548,1,1,1,Pneumonia,train_source
4549,1,1,1,Pneumonia,train_source
4550,1,1,1,Pneumonia,train_source
4551,1,1,1,Pneumonia,train_source
4552,1,1,1,Pneumonia,train_source
4553,1,1,1,Pneumonia,train_source
4554,1,1,1,Pneumonia,train_source
4555,1,1,1,Pneumonia,train_source
4556,1,1,1,Pneumonia,train_source
4557,1,1,1,Pneumonia,train_source
4558,1,1,1,Pneumonia,train_source
4559,1,1,1,Pneumonia,train_source
4560,1,1,1,Pneumonia,train_source
4561,1,1,1,Pneumonia,train_source
4562,2,1,1,Pneumonia,train_source
4563,1,1,1,Pneumonia,train_source
4564,1,1,1,Pneumonia,train_source
4565,1,1,1,Pneumonia,train_source
4566,1,1,1,Pneumonia,train_source
4567,1,1,1,Pneumonia,train_source
4568,1,1,1,Pneumonia,train_source
4569,1,1,1,Pneumonia,train_source
4570,1,1,1,Pneumonia,train_source
4571,1,1,1,Pneumonia,train_source
4572,1,1,1,Pneumonia,train_source
4573,1,1,1,Pneumonia,train_source
4574,1,1,1,Pneumonia,train_source
4575,2,2,1,Normal|Pneumonia,train_source
4576,1,1,1,Pneumonia,train_source
4577,1,1,1,Pneumonia,train_source
4578,1,1,1,Pneumonia,train_source
4579,1,1,1,Pneumonia,train_source
4580,1,1,1,Pneumonia,train_source
4581,1,1,1,Pneumonia,train_source
4582,1,1,1,Pneumonia,train_source
4583,1,1,1,Pneumonia,train_source
4584,1,1,1,Pneumonia,train_source
4585,1,1,1,Pneumonia,train_source
4586,1,1,1,Pneumonia,train_source
4587,1,1,1,Pneumonia,train_source
4588,1,1,1,Pneumonia,train_source
4589,1,1,1,Pneumonia,train_source
4590,1,1,1,Pneumonia,train_source
4591,1,1,1,Pneumonia,train_source
4592,1,1,1,Pneumonia,train_source
4593,1,1,1,Pneumonia,train_source
4594,1,1,1,Pneumonia,train_source
4595,1,1,1,Pneumonia,train_source
4596,1,1,1,Pneumonia,train_source
4597,1,1,1,Pneumonia,train_source
4598,1,1,1,Pneumonia,train_source
4599,1,1,1,Pneumonia,train_source
4600,1,1,1,Pneumonia,train_source
4601,1,1,1,Pneumonia,train_source
4602,1,1,1,Pneumonia,train_source
4603,1,1,1,Pneumonia,train_source
4604,1,1,1,Pneumonia,train_source
4605,1,1,1,Pneumonia,train_source
4606,1,1,1,Pneumonia,train_source
4607,1,1,1,Pneumonia,train_source
4608,1,1,1,Pneumonia,train_source
4609,1,1,1,Pneumonia,train_source
4610,1,1,1,Pneumonia,train_source
4611,1,1,1,Pneumonia,train_source
4612,1,1,1,Pneumonia,train_source
4613,1,1,1,Pneumonia,train_source
4614,1,1,1,Pneumonia,train_source
4615,1,1,1,Pneumonia,train_source
4616,1,1,1,Pneumonia,train_source
4617,1,1,1,Pneumonia,train_source
4618,1,1,1,Pneumonia,train_source
4619,1,1,1,Pneumonia,train_source
4620,1,1,1,Pneumonia,train_source
4621,1,1,1,Pneumonia,train_source
4622,1,1,1,Pneumonia,train_source
4623,1,1,1,Pneumonia,train_source
4624,1,1,1,Pneumonia,train_source
4625,1,1,1,Pneumonia,train_source
4626,1,1,1,Pneumonia,train_source
4627,1,1,1,Pneumonia,train_source
4628,1,1,1,Pneumonia,train_source
4629,1,1,1,Pneumonia,train_source
4630,1,1,1,Pneumonia,train_source
4631,1,1,1,Pneumonia,train_source
4632,1,1,1,Pneumonia,train_source
4633,1,1,1,Pneumonia,train_source
4634,1,1,1,Pneumonia,train_source
4635,1,1,1,Pneumonia,train_source
4636,1,1,1,Pneumonia,train_source
4637,1,1,1,Pneumonia,train_source
4638,1,1,1,Pneumonia,train_source
4639,1,1,1,Pneumonia,train_source
4640,1,1,1,Pneumonia,train_source
4641,1,1,1,Pneumonia,train_source
4642,1,1,1,Pneumonia,train_source
4643,1,1,1,Pneumonia,train_source
4644,1,1,1,Pneumonia,train_source
4645,1,1,1,Pneumonia,train_source
4646,1,1,1,Pneumonia,train_source
4647,1,1,1,Pneumonia,train_source
4648,1,1,1,Pneumonia,train_source
4649,1,1,1,Pneumonia,train_source
4650,1,1,1,Pneumonia,train_source
4651,1,1,1,Pneumonia,train_source
4652,1,1,1,Pneumonia,train_source
4653,1,1,1,Pneumonia,train_source
4654,1,1,1,Pneumonia,train_source
4655,1,1,1,Pneumonia,train_source
4656,1,1,1,Pneumonia,train_source
4657,1,1,1,Pneumonia,train_source
4658,1,1,1,Pneumonia,train_source
4659,1,1,1,Pneumonia,train_source
4660,1,1,1,Pneumonia,train_source
4661,1,1,1,Pneumonia,train_source
4662,1,1,1,Pneumonia,train_source
4663,1,1,1,Pneumonia,train_source
4664,1,1,1,Pneumonia,train_source
4665,1,1,1,Pneumonia,train_source
4666,1,1,1,Pneumonia,train_source
4667,1,1,1,Pneumonia,train_source
4668,1,1,1,Pneumonia,train_source
4669,1,1,1,Pneumonia,train_source
4670,1,1,1,Pneumonia,train_source
4671,1,1,1,Pneumonia,train_source
4672,1,1,1,Pneumonia,train_source
4673,1,1,1,Pneumonia,train_source
4674,2,1,1,Pneumonia,train_source
4675,1,1,1,Pneumonia,train_source
4676,1,1,1,Pneumonia,train_source
4677,1,1,1,Pneumonia,train_source
4678,1,1,1,Pneumonia,train_source
4679,1,1,1,Pneumonia,train_source
4680,1,1,1,Pneumonia,train_source
4681,1,1,1,Pneumonia,train_source
4682,1,1,1,Pneumonia,train_source
4683,1,1,1,Pneumonia,train_source
4684,1,1,1,Pneumonia,train_source
4685,1,1,1,Pneumonia,train_source
4686,1,1,1,Pneumonia,train_source
4687,1,1,1,Pneumonia,train_source
4688,1,1,1,Pneumonia,train_source
4689,1,1,1,Pneumonia,train_source
4690,1,1,1,Pneumonia,train_source
4691,1,1,1,Pneumonia,train_source
4692,1,1,1,Pneumonia,train_source
4693,1,1,1,Pneumonia,train_source
4694,1,1,1,Pneumonia,train_source
4695,1,1,1,Pneumonia,train_source
4696,1,1,1,Pneumonia,train_source
4697,1,1,1,Pneumonia,train_source
4698,1,1,1,Pneumonia,train_source
4699,1,1,1,Pneumonia,train_source
4700,1,1,1,Pneumonia,train_source
4701,1,1,1,Pneumonia,train_source
4702,1,1,1,Pneumonia,train_source
4703,1,1,1,Pneumonia,train_source
4704,1,1,1,Pneumonia,train_source
4705,1,1,1,Pneumonia,train_source
4706,1,1,1,Pneumonia,train_source
4707,1,1,1,Pneumonia,train_source
4708,1,1,1,Pneumonia,train_source
4709,1,1,1,Pneumonia,train_source
4710,1,1,1,Pneumonia,train_source
4711,1,1,1,Pneumonia,train_source
4712,1,1,1,Pneumonia,train_source
4713,1,1,1,Pneumonia,train_source
4714,2,1,1,Pneumonia,train_source
4715,1,1,1,Pneumonia,train_source
4716,1,1,1,Pneumonia,train_source
4717,1,1,1,Pneumonia,train_source
4718,1,1,1,Pneumonia,train_source
4719,1,1,1,Pneumonia,train_source
4720,1,1,1,Pneumonia,train_source
4721,1,1,1,Pneumonia,train_source
4722,1,1,1,Pneumonia,train_source
4723,1,1,1,Pneumonia,train_source
4724,1,1,1,Pneumonia,train_source
4725,1,1,1,Pneumonia,train_source
4726,1,1,1,Pneumonia,train_source
4727,1,1,1,Pneumonia,train_source
4728,1,1,1,Pneumonia,train_source
4729,1,1,1,Pneumonia,train_source
4730,1,1,1,Pneumonia,train_source
4731,1,1,1,Pneumonia,train_source
4732,1,1,1,Pneumonia,train_source
4733,1,1,1,Pneumonia,train_source
4734,1,1,1,Pneumonia,train_source
4735,1,1,1,Pneumonia,train_source
4736,1,1,1,Pneumonia,train_source
4737,1,1,1,Pneumonia,train_source
4738,1,1,1,Pneumonia,train_source
4739,1,1,1,Pneumonia,train_source
4740,1,1,1,Pneumonia,train_source
4741,1,1,1,Pneumonia,train_source
4742,1,1,1,Pneumonia,train_source
4743,1,1,1,Pneumonia,train_source
4744,1,1,1,Pneumonia,train_source
4745,1,1,1,Pneumonia,train_source
4746,1,1,1,Pneumonia,train_source
4747,1,1,1,Pneumonia,train_source
4748,1,1,1,Pneumonia,train_source
4749,1,1,1,Pneumonia,train_source
4750,1,1,1,Pneumonia,train_source
4751,1,1,1,Pneumonia,train_source
4752,1,1,1,Pneumonia,train_source
4753,1,1,1,Pneumonia,train_source
4754,1,1,1,Pneumonia,train_source
4755,1,1,1,Pneumonia,train_source
4756,1,1,1,Pneumonia,train_source
4757,1,1,1,Pneumonia,train_source
4758,1,1,1,Pneumonia,train_source
4759,1,1,1,Pneumonia,train_source
4760,1,1,1,Pneumonia,train_source
4761,1,1,1,Pneumonia,train_source
4762,1,1,1,Pneumonia,train_source
4763,1,1,1,Pneumonia,train_source
4764,2,1,1,Pneumonia,train_source
4765,1,1,1,Pneumonia,train_source
4766,1,1,1,Pneumonia,train_source
4767,1,1,1,Pneumonia,train_source
4768,1,1,1,Pneumonia,train_source
4769,1,1,1,Pneumonia,train_source
4770,1,1,1,Pneumonia,train_source
4771,1,1,1,Pneumonia,train_source
4772,1,1,1,Pneumonia,train_source
4773,2,1,1,Pneumonia,train_source
4774,1,1,1,Pneumonia,train_source
4775,1,1,1,Pneumonia,train_source
4776,2,1,1,Pneumonia,train_source
4777,1,1,1,Pneumonia,train_source
4778,1,1,1,Pneumonia,train_source
4779,1,1,1,Pneumonia,train_source
4780,1,1,1,Pneumonia,train_source
4781,1,1,1,Pneumonia,train_source
4782,1,1,1,Pneumonia,train_source
4783,1,1,1,Pneumonia,train_source
4784,1,1,1,Pneumonia,train_source
4785,1,1,1,Pneumonia,train_source
4786,1,1,1,Pneumonia,train_source
4787,1,1,1,Pneumonia,train_source
4788,1,1,1,Pneumonia,train_source
4789,1,1,1,Pneumonia,train_source
4790,1,1,1,Pneumonia,train_source
4791,1,1,1,Pneumonia,train_source
4792,1,1,1,Pneumonia,train_source
4793,1,1,1,Pneumonia,train_source
4794,1,1,1,Pneumonia,train_source
4795,1,1,1,Pneumonia,train_source
4796,1,1,1,Pneumonia,train_source
4797,1,1,1,Pneumonia,train_source
4798,1,1,1,Pneumonia,train_source
4799,1,1,1,Pneumonia,train_source
4800,1,1,1,Pneumonia,train_source
4801,1,1,1,Pneumonia,train_source
4802,1,1,1,Pneumonia,train_source
4803,1,1,1,Pneumonia,train_source
4804,1,1,1,Pneumonia,train_source
4805,1,1,1,Pneumonia,train_source
4806,1,1,1,Pneumonia,train_source
4807,1,1,1,Pneumonia,train_source
4808,1,1,1,Pneumonia,train_source
4809,1,1,1,Pneumonia,train_source
4810,1,1,1,Pneumonia,train_source
4811,1,1,1,Pneumonia,train_source
4812,1,1,1,Pneumonia,train_source
4813,1,1,1,Pneumonia,train_source
4814,1,1,1,Pneumonia,train_source
4815,1,1,1,Pneumonia,train_source
4816,1,1,1,Pneumonia,train_source
4817,1,1,1,Pneumonia,train_source
4818,1,1,1,Pneumonia,train_source
4819,1,1,1,Pneumonia,train_source
4820,1,1,1,Pneumonia,train_source
4821,1,1,1,Pneumonia,train_source
4822,1,1,1,Pneumonia,train_source
4823,1,1,1,Pneumonia,train_source
4824,1,1,1,Pneumonia,train_source
4825,1,1,1,Pneumonia,train_source
4826,1,1,1,Pneumonia,train_source
4827,1,1,1,Pneumonia,train_source
4828,1,1,1,Pneumonia,train_source
4829,1,1,1,Pneumonia,train_source
4830,1,1,1,Pneumonia,train_source
4831,1,1,1,Pneumonia,train_source
4832,1,1,1,Pneumonia,train_source
4833,1,1,1,Pneumonia,train_source
4834,1,1,1,Pneumonia,train_source
4835,1,1,1,Pneumonia,train_source
4836,1,1,1,Pneumonia,train_source
4837,1,1,1,Pneumonia,train_source
4838,1,1,1,Pneumonia,train_source
4839,1,1,1,Pneumonia,train_source
4840,1,1,1,Pneumonia,train_source
4841,1,1,1,Pneumonia,train_source
4842,1,1,1,Pneumonia,train_source
4843,1,1,1,Pneumonia,train_source
4844,1,1,1,Pneumonia,train_source
4845,1,1,1,Pneumonia,train_source
4846,1,1,1,Pneumonia,train_source
4847,1,1,1,Pneumonia,train_source
4848,1,1,1,Pneumonia,train_source
4849,1,1,1,Pneumonia,train_source
4850,1,1,1,Pneumonia,train_source
4851,1,1,1,Pneumonia,train_source
4852,1,1,1,Pneumonia,train_source
4853,1,1,1,Pneumonia,train_source
4854,1,1,1,Pneumonia,train_source
4855,1,1,1,Pneumonia,train_source
4856,1,1,1,Pneumonia,train_source
4857,1,1,1,Pneumonia,train_source
4858,1,1,1,Pneumonia,train_source
4859,1,1,1,Pneumonia,train_source
4860,1,1,1,Pneumonia,train_source
4861,1,1,1,Pneumonia,train_source
4862,1,1,1,Pneumonia,train_source
4863,1,1,1,Pneumonia,train_source
4864,1,1,1,Pneumonia,train_source
4865,1,1,1,Pneumonia,train_source
4866,1,1,1,Pneumonia,train_source
4867,1,1,1,Pneumonia,train_source
4868,1,1,1,Pneumonia,train_source
4869,1,1,1,Pneumonia,train_source
4870,1,1,1,Pneumonia,train_source
4871,1,1,1,Pneumonia,train_source
4872,1,1,1,Pneumonia,train_source
4873,1,1,1,Pneumonia,train_source
4874,1,1,1,Pneumonia,train_source
4875,1,1,1,Pneumonia,train_source
4876,1,1,1,Pneumonia,train_source
4877,1,1,1,Pneumonia,train_source
4878,1,1,1,Pneumonia,train_source
4879,1,1,1,Pneumonia,train_source
4880,1,1,1,Pneumonia,train_source
4881,1,1,1,Pneumonia,train_source
4882,1,1,1,Pneumonia,train_source
4883,1,1,1,Pneumonia,train_source
4884,1,1,1,Pneumonia,train_source
4885,1,1,1,Pneumonia,train_source
4886,1,1,1,Pneumonia,train_source
4887,1,1,1,Pneumonia,train_source
4888,1,1,1,Pneumonia,train_source
4889,1,1,1,Pneumonia,train_source
4890,1,1,1,Pneumonia,train_source
4891,1,1,1,Pneumonia,train_source
4892,1,1,1,Pneumonia,train_source
4893,1,1,1,Pneumonia,train_source
4894,1,1,1,Pneumonia,train_source
4895,1,1,1,Pneumonia,train_source
4896,1,1,1,Pneumonia,train_source
4897,1,1,1,Pneumonia,train_source
4898,1,1,1,Pneumonia,train_source
4899,2,1,1,Pneumonia,train_source
4900,1,1,1,Pneumonia,train_source
4901,1,1,1,Pneumonia,train_source
4902,1,1,1,Pneumonia,train_source
4903,1,1,1,Pneumonia,train_source
4904,1,1,1,Pneumonia,train_source
4905,1,1,1,Pneumonia,train_source
4906,1,1,1,Pneumonia,train_source
4907,1,1,1,Pneumonia,train_source
4908,1,1,1,Pneumonia,train_source
4909,1,1,1,Pneumonia,train_source
4910,1,1,1,Pneumonia,train_source
4911,1,1,1,Pneumonia,train_source
4912,1,1,1,Pneumonia,train_source
4913,1,1,1,Pneumonia,train_source
4914,1,1,1,Pneumonia,train_source
4915,1,1,1,Pneumonia,train_source
4916,1,1,1,Pneumonia,train_source
4917,1,1,1,Pneumonia,train_source
4918,1,1,1,Pneumonia,train_source
4919,2,1,1,Pneumonia,train_source
4920,1,1,1,Pneumonia,train_source
4921,1,1,1,Pneumonia,train_source
4922,1,1,1,Pneumonia,train_source
4923,1,1,1,Pneumonia,train_source
4924,1,1,1,Pneumonia,train_source
4925,1,1,1,Pneumonia,train_source
4926,1,1,1,Pneumonia,train_source
4927,1,1,1,Pneumonia,train_source
4928,1,1,1,Pneumonia,train_source
4929,1,1,1,Pneumonia,train_source
4930,1,1,1,Pneumonia,train_source
4931,1,1,1,Pneumonia,train_source
4932,1,1,1,Pneumonia,train_source
4933,1,1,1,Pneumonia,train_source
4934,1,1,1,Pneumonia,train_source
4935,1,1,1,Pneumonia,train_source
4936,1,1,1,Pneumonia,train_source
4937,1,1,1,Pneumonia,train_source
4938,1,1,1,Pneumonia,train_source
4939,1,1,1,Pneumonia,train_source
4940,1,1,1,Pneumonia,train_source
4941,1,1,1,Pneumonia,train_source
4942,1,1,1,Pneumonia,train_source
4943,1,1,1,Pneumonia,train_source
4944,1,1,1,Pneumonia,train_source
4945,1,1,1,Pneumonia,train_source
4946,1,1,1,Pneumonia,train_source
4947,1,1,1,Pneumonia,train_source
4948,1,1,1,Pneumonia,train_source
4949,1,1,1,Pneumonia,train_source
4950,1,1,1,Pneumonia,train_source
4951,1,1,1,Pneumonia,train_source
4952,1,1,1,Pneumonia,train_source
4953,1,1,1,Pneumonia,train_source
4954,1,1,1,Pneumonia,train_source
4955,1,1,1,Pneumonia,train_source
4956,1,1,1,Pneumonia,train_source
4957,1,1,1,Pneumonia,train_source
4958,1,1,1,Pneumonia,train_source
4959,1,1,1,Pneumonia,train_source
4960,1,1,1,Pneumonia,train_source
4961,1,1,1,Pneumonia,train_source
4962,1,1,1,Pneumonia,train_source
4963,1,1,1,Pneumonia,train_source
4964,1,1,1,Pneumonia,train_source
4965,1,1,1,Pneumonia,train_source
4966,1,1,1,Pneumonia,train_source
4967,1,1,1,Pneumonia,train_source
4968,1,1,1,Pneumonia,train_source
4969,1,1,1,Pneumonia,train_source
4970,1,1,1,Pneumonia,train_source
4971,1,1,1,Pneumonia,train_source
4972,1,1,1,Pneumonia,train_source
4973,1,1,1,Pneumonia,train_source
4974,1,1,1,Pneumonia,train_source
4975,1,1,1,Pneumonia,train_source
4976,1,1,1,Pneumonia,train_source
4977,1,1,1,Pneumonia,train_source
4978,1,1,1,Pneumonia,train_source
4979,1,1,1,Pneumonia,train_source
4980,1,1,1,Pneumonia,train_source
4981,1,1,1,Pneumonia,train_source
4982,1,1,1,Pneumonia,train_source
4983,1,1,1,Pneumonia,train_source
4984,1,1,1,Pneumonia,train_source
4985,1,1,1,Pneumonia,train_source
4986,1,1,1,Pneumonia,train_source
4987,1,1,1,Pneumonia,train_source
4988,1,1,1,Pneumonia,train_source
4989,1,1,1,Pneumonia,train_source
4990,1,1,1,Pneumonia,train_source
4991,1,1,1,Pneumonia,train_source
4992,1,1,1,Pneumonia,train_source
4993,1,1,1,Pneumonia,train_source
4994,1,1,1,Pneumonia,train_source
4995,1,1,1,Pneumonia,train_source
4996,1,1,1,Pneumonia,train_source
4997,1,1,1,Pneumonia,train_source
4998,1,1,1,Pneumonia,train_source
4999,1,1,1,Pneumonia,train_source
5000,1,1,1,Pneumonia,train_source
5001,1,1,1,Pneumonia,train_source
5002,1,1,1,Pneumonia,train_source
5003,1,1,1,Pneumonia,train_source
5004,1,1,1,Pneumonia,train_source
5005,1,1,1,Pneumonia,train_source
5006,1,1,1,Pneumonia,train_source
5007,1,1,1,Pneumonia,train_source
5008,1,1,1,Pneumonia,train_source
5009,1,1,1,Pneumonia,train_source
5010,1,1,1,Pneumonia,train_source
5011,1,1,1,Pneumonia,train_source
5012,1,1,1,Pneumonia,train_source
5013,1,1,1,Pneumonia,train_source
5014,1,1,1,Pneumonia,train_source
5015,1,1,1,Pneumonia,train_source
5016,1,1,1,Pneumonia,train_source
5017,1,1,1,Pneumonia,train_source
5018,1,1,1,Pneumonia,train_source
5019,1,1,1,Pneumonia,train_source
5020,1,1,1,Pneumonia,train_source
5021,1,1,1,Pneumonia,train_source
5022,1,1,1,Pneumonia,train_source
5023,1,1,1,Pneumonia,train_source
5024,1,1,1,Normal,test_source
5025,1,1,1,Normal,test_source
5026,1,1,1,Normal,test_source
5027,1,1,1,Normal,test_source
5028,1,1,1,Normal,test_source
5029,2,2,2,Normal|Pneumonia,test_source|train_source
5030,1,1,1,Normal,test_source
5031,1,1,1,Normal,test_source
5032,1,1,1,Normal,test_source
5033,1,1,1,Normal,test_source
5034,1,1,1,Normal,test_source
5035,1,1,1,Normal,test_source
5036,1,1,1,Normal,test_source
5037,1,1,1,Normal,test_source
5038,1,1,1,Normal,test_source
5039,1,1,1,Normal,test_source
5040,1,1,1,Normal,test_source
5041,1,1,1,Normal,test_source
5042,1,1,1,Normal,test_source
5043,1,1,1,Normal,test_source
5044,1,1,1,Normal,test_source
5045,1,1,1,Normal,test_source
5046,1,1,1,Normal,test_source
5047,1,1,1,Normal,test_source
5048,1,1,1,Normal,test_source
5049,1,1,1,Normal,test_source
5050,1,1,1,Normal,test_source
5051,1,1,1,Normal,test_source
5052,1,1,1,Normal,test_source
5053,1,1,1,Normal,test_source
5054,1,1,1,Normal,test_source
5055,1,1,1,Normal,test_source
5056,1,1,1,Normal,test_source
5057,1,1,1,Normal,test_source
5058,1,1,1,Normal,test_source
5059,1,1,1,Normal,test_source
5060,1,1,1,Normal,test_source
5061,1,1,1,Normal,test_source
5062,1,1,1,Normal,test_source
5063,1,1,1,Normal,test_source
5064,1,1,1,Normal,test_source
5065,1,1,1,Normal,test_source
5066,1,1,1,Normal,test_source
5067,1,1,1,Normal,test_source
5068,1,1,1,Normal,test_source
5069,1,1,1,Normal,test_source
5070,1,1,1,Normal,test_source
5071,1,1,1,Normal,test_source
5072,1,1,1,Normal,test_source
5073,1,1,1,Normal,test_source
5074,1,1,1,Normal,test_source
5075,1,1,1,Normal,test_source
5076,1,1,1,Normal,test_source
5077,1,1,1,Normal,test_source
5078,1,1,1,Normal,test_source
5079,1,1,1,Normal,test_source
5080,1,1,1,Normal,test_source
5081,1,1,1,Normal,test_source
5082,1,1,1,Normal,test_source
5083,1,1,1,Normal,test_source
5084,1,1,1,Normal,test_source
5085,1,1,1,Normal,test_source
5086,1,1,1,Normal,test_source
5087,1,1,1,Normal,test_source
5088,1,1,1,Normal,test_source
5089,1,1,1,Normal,test_source
5090,1,1,1,Normal,test_source
5091,1,1,1,Normal,test_source
5092,1,1,1,Normal,test_source
5093,1,1,1,Normal,test_source
5094,1,1,1,Normal,test_source
5095,1,1,1,Normal,test_source
5096,1,1,1,Normal,test_source
5097,1,1,1,Normal,test_source
5098,1,1,1,Normal,test_source
5099,1,1,1,Normal,test_source
5100,1,1,1,Normal,test_source
5101,1,1,1,Normal,test_source
5102,1,1,1,Normal,test_source
5103,1,1,1,Normal,test_source
5104,1,1,1,Normal,test_source
5105,1,1,1,Normal,test_source
5106,1,1,1,Normal,test_source
5107,1,1,1,Normal,test_source
5108,1,1,1,Normal,test_source
5109,1,1,1,Normal,test_source
5110,1,1,1,Normal,test_source
5111,1,1,1,Normal,test_source
5112,1,1,1,Normal,test_source
5113,1,1,1,Normal,test_source
5114,1,1,1,Normal,test_source
5115,1,1,1,Normal,test_source
5116,1,1,1,Normal,test_source
5117,1,1,1,Normal,test_source
5118,1,1,1,Normal,test_source
5119,1,1,1,Normal,test_source
5120,1,1,1,Normal,test_source
5121,1,1,1,Normal,test_source
5122,1,1,1,Normal,test_source
5123,1,1,1,Normal,test_source
5124,1,1,1,Normal,test_source
5125,1,1,1,Normal,test_source
5126,1,1,1,Normal,test_source
5127,1,1,1,Normal,test_source
5128,1,1,1,Normal,test_source
5129,1,1,1,Normal,test_source
5130,1,1,1,Normal,test_source
5131,1,1,1,Normal,test_source
5132,1,1,1,Normal,test_source
5133,1,1,1,Normal,test_source
5134,1,1,1,Normal,test_source
5135,1,1,1,Normal,test_source
5136,1,1,1,Normal,test_source
5137,1,1,1,Normal,test_source
5138,1,1,1,Normal,test_source
5139,2,2,2,Normal|Pneumonia,test_source|train_source
5140,1,1,1,Normal,test_source
5141,1,1,1,Normal,test_source
5142,1,1,1,Normal,test_source
5143,1,1,1,Normal,test_source
5144,1,1,1,Normal,test_source
5145,1,1,1,Normal,test_source
5146,1,1,1,Normal,test_source
5147,1,1,1,Normal,test_source
5148,1,1,1,Normal,test_source
5149,1,1,1,Normal,test_source
5150,1,1,1,Normal,test_source
5151,1,1,1,Normal,test_source
5152,1,1,1,Normal,test_source
5153,1,1,1,Normal,test_source
5154,1,1,1,Normal,test_source
5155,1,1,1,Normal,test_source
5156,1,1,1,Normal,test_source
5157,1,1,1,Normal,test_source
5158,1,1,1,Normal,test_source
5159,1,1,1,Normal,test_source
5160,1,1,1,Normal,test_source
5161,1,1,1,Normal,test_source
5162,1,1,1,Normal,test_source
5163,1,1,1,Normal,test_source
5164,1,1,1,Normal,test_source
5165,1,1,1,Normal,test_source
5166,1,1,1,Normal,test_source
5167,1,1,1,Normal,test_source
5168,1,1,1,Normal,test_source
5169,1,1,1,Normal,test_source
5170,1,1,1,Normal,test_source
5171,1,1,1,Normal,test_source
5172,1,1,1,Normal,test_source
5173,1,1,1,Normal,test_source
5174,1,1,1,Normal,test_source
5175,1,1,1,Normal,test_source
5176,1,1,1,Normal,test_source
5177,1,1,1,Normal,test_source
5178,1,1,1,Normal,test_source
5179,1,1,1,Normal,test_source
5180,1,1,1,Normal,test_source
5181,1,1,1,Normal,test_source
5182,1,1,1,Normal,test_source
5183,1,1,1,Normal,test_source
5184,1,1,1,Normal,test_source
5185,1,1,1,Normal,test_source
5186,1,1,1,Normal,test_source
5187,1,1,1,Normal,test_source
5188,1,1,1,Normal,test_source
5189,1,1,1,Normal,test_source
5190,1,1,1,Normal,test_source
5191,1,1,1,Normal,test_source
5192,1,1,1,Normal,test_source
5193,1,1,1,Normal,test_source
5194,1,1,1,Normal,test_source
5195,1,1,1,Normal,test_source
5196,1,1,1,Normal,test_source
5197,1,1,1,Normal,test_source
5198,1,1,1,Normal,test_source
5199,1,1,1,Normal,test_source
5200,1,1,1,Normal,test_source
5201,1,1,1,Normal,test_source
5202,1,1,1,Normal,test_source
5203,1,1,1,Normal,test_source
5204,1,1,1,Normal,test_source
5205,1,1,1,Normal,test_source
5206,1,1,1,Normal,test_source
5207,1,1,1,Normal,test_source
5208,1,1,1,Normal,test_source
5209,1,1,1,Normal,test_source
5210,1,1,1,Normal,test_source
5211,1,1,1,Normal,test_source
5212,1,1,1,Normal,test_source
5213,1,1,1,Normal,test_source
5214,1,1,1,Normal,test_source
5215,1,1,1,Normal,test_source
5216,1,1,1,Normal,test_source
5217,1,1,1,Normal,test_source
5218,1,1,1,Normal,test_source
5219,1,1,1,Normal,test_source
5220,1,1,1,Normal,test_source
5221,1,1,1,Normal,test_source
5222,1,1,1,Normal,test_source
5223,1,1,1,Normal,test_source
5224,1,1,1,Normal,test_source
5225,1,1,1,Normal,test_source
5226,1,1,1,Normal,test_source
5227,1,1,1,Normal,test_source
5228,1,1,1,Normal,test_source
5229,1,1,1,Normal,test_source
5230,1,1,1,Normal,test_source
5231,1,1,1,Normal,test_source
5232,1,1,1,Normal,test_source
5233,1,1,1,Normal,test_source
5234,1,1,1,Normal,test_source
5235,1,1,1,Normal,test_source
5236,1,1,1,Normal,test_source
5237,1,1,1,Normal,test_source
5238,1,1,1,Normal,test_source
5239,1,1,1,Normal,test_source
5240,1,1,1,Normal,test_source
5241,1,1,1,Normal,test_source
5242,1,1,1,Normal,test_source
5243,1,1,1,Normal,test_source
5244,1,1,1,Normal,test_source
5245,1,1,1,Normal,test_source
5246,1,1,1,Pneumonia,test_source
5247,1,1,1,Pneumonia,test_source
5248,1,1,1,Pneumonia,test_source
5249,1,1,1,Pneumonia,test_source
5250,1,1,1,Pneumonia,test_source
5251,1,1,1,Pneumonia,test_source
5252,1,1,1,Pneumonia,test_source
5253,1,1,1,Pneumonia,test_source
5254,1,1,1,Pneumonia,test_source
5255,1,1,1,Pneumonia,test_source
5256,1,1,1,Pneumonia,test_source
5257,1,1,1,Pneumonia,test_source
5258,1,1,1,Pneumonia,test_source
5259,1,1,1,Pneumonia,test_source
5260,1,1,1,Pneumonia,test_source
5261,1,1,1,Pneumonia,test_source
5262,1,1,1,Pneumonia,test_source
5263,1,1,1,Pneumonia,test_source
5264,1,1,1,Pneumonia,test_source
5265,1,1,1,Pneumonia,test_source
5266,1,1,1,Pneumonia,test_source
5267,1,1,1,Pneumonia,test_source
5268,1,1,1,Pneumonia,test_source
5269,1,1,1,Pneumonia,test_source
5270,1,1,1,Pneumonia,test_source
5271,1,1,1,Pneumonia,test_source
5272,1,1,1,Pneumonia,test_source
5273,1,1,1,Pneumonia,test_source
5274,1,1,1,Pneumonia,test_source
5275,1,1,1,Pneumonia,test_source
5276,1,1,1,Pneumonia,test_source
5277,1,1,1,Pneumonia,test_source
5278,1,1,1,Pneumonia,test_source
5279,1,1,1,Pneumonia,test_source
5280,1,1,1,Pneumonia,test_source
5281,1,1,1,Pneumonia,test_source
5282,1,1,1,Pneumonia,test_source
5283,1,1,1,Pneumonia,test_source
5284,1,1,1,Pneumonia,test_source
5285,1,1,1,Pneumonia,test_source
5286,1,1,1,Pneumonia,test_source
5287,1,1,1,Pneumonia,test_source
5288,2,2,1,Normal|Pneumonia,test_source
5289,1,1,1,Pneumonia,test_source
5290,1,1,1,Pneumonia,test_source
5291,1,1,1,Pneumonia,test_source
5292,1,1,1,Pneumonia,test_source
5293,1,1,1,Pneumonia,test_source
5294,1,1,1,Pneumonia,test_source
5295,1,1,1,Pneumonia,test_source
5296,1,1,1,Pneumonia,test_source
5297,1,1,1,Pneumonia,test_source
5298,1,1,1,Pneumonia,test_source
5299,1,1,1,Pneumonia,test_source
5300,1,1,1,Pneumonia,test_source
5301,1,1,1,Pneumonia,test_source
5302,1,1,1,Pneumonia,test_source
5303,1,1,1,Pneumonia,test_source
5304,1,1,1,Pneumonia,test_source
5305,1,1,1,Pneumonia,test_source
5306,1,1,1,Pneumonia,test_source
5307,1,1,1,Pneumonia,test_source
5308,1,1,1,Pneumonia,test_source
5309,1,1,1,Pneumonia,test_source
5310,1,1,1,Pneumonia,test_source
5311,1,1,1,Pneumonia,test_source
5312,1,1,1,Pneumonia,test_source
5313,1,1,1,Pneumonia,test_source
5314,1,1,1,Pneumonia,test_source
5315,1,1,1,Pneumonia,test_source
5316,1,1,1,Pneumonia,test_source
5317,1,1,1,Pneumonia,test_source
5318,2,1,1,Pneumonia,test_source
5319,1,1,1,Pneumonia,test_source
5320,1,1,1,Pneumonia,test_source
5321,1,1,1,Pneumonia,test_source
5322,1,1,1,Pneumonia,test_source
5323,1,1,1,Pneumonia,test_source
5324,1,1,1,Pneumonia,test_source
5325,1,1,1,Pneumonia,test_source
5326,1,1,1,Pneumonia,test_source
5327,1,1,1,Pneumonia,test_source
5328,1,1,1,Pneumonia,test_source
5329,1,1,1,Pneumonia,test_source
5330,1,1,1,Pneumonia,test_source
5331,1,1,1,Pneumonia,test_source
5332,1,1,1,Pneumonia,test_source
5333,1,1,1,Pneumonia,test_source
5334,1,1,1,Pneumonia,test_source
5335,1,1,1,Pneumonia,test_source
5336,1,1,1,Pneumonia,test_source
5337,1,1,1,Pneumonia,test_source
5338,1,1,1,Pneumonia,test_source
5339,1,1,1,Pneumonia,test_source
5340,1,1,1,Pneumonia,test_source
5341,1,1,1,Pneumonia,test_source
5342,1,1,1,Pneumonia,test_source
5343,1,1,1,Pneumonia,test_source
5344,1,1,1,Pneumonia,test_source
5345,1,1,1,Pneumonia,test_source
5346,1,1,1,Pneumonia,test_source
5347,1,1,1,Pneumonia,test_source
5348,1,1,1,Pneumonia,test_source
5349,1,1,1,Pneumonia,test_source
5350,2,2,2,Normal|Pneumonia,test_source|train_source
5351,1,1,1,Pneumonia,test_source
5352,1,1,1,Pneumonia,test_source
5353,1,1,1,Pneumonia,test_source
5354,1,1,1,Pneumonia,test_source
5355,1,1,1,Pneumonia,test_source
5356,1,1,1,Pneumonia,test_source
5357,1,1,1,Pneumonia,test_source
5358,1,1,1,Pneumonia,test_source
5359,1,1,1,Pneumonia,test_source
5360,1,1,1,Pneumonia,test_source
5361,1,1,1,Pneumonia,test_source
5362,1,1,1,Pneumonia,test_source
5363,1,1,1,Pneumonia,test_source
5364,1,1,1,Pneumonia,test_source
5365,1,1,1,Pneumonia,test_source
5366,1,1,1,Pneumonia,test_source
5367,1,1,1,Pneumonia,test_source
5368,1,1,1,Pneumonia,test_source
5369,1,1,1,Pneumonia,test_source
5370,1,1,1,Pneumonia,test_source
5371,1,1,1,Pneumonia,test_source
5372,1,1,1,Pneumonia,test_source
5373,1,1,1,Pneumonia,test_source
5374,1,1,1,Pneumonia,test_source
5375,1,1,1,Pneumonia,test_source
5376,1,1,1,Pneumonia,test_source
5377,1,1,1,Pneumonia,test_source
5378,1,1,1,Pneumonia,test_source
5379,1,1,1,Pneumonia,test_source
5380,1,1,1,Pneumonia,test_source
5381,1,1,1,Pneumonia,test_source
5382,1,1,1,Pneumonia,test_source
5383,1,1,1,Pneumonia,test_source
5384,1,1,1,Pneumonia,test_source
5385,1,1,1,Pneumonia,test_source
5386,1,1,1,Pneumonia,test_source
5387,1,1,1,Pneumonia,test_source
5388,1,1,1,Pneumonia,test_source
5389,1,1,1,Pneumonia,test_source
5390,1,1,1,Pneumonia,test_source
5391,1,1,1,Pneumonia,test_source
5392,1,1,1,Pneumonia,test_source
5393,1,1,1,Pneumonia,test_source
5394,1,1,1,Pneumonia,test_source
5395,1,1,1,Pneumonia,test_source
5396,1,1,1,Pneumonia,test_source
5397,1,1,1,Pneumonia,test_source
5398,1,1,1,Pneumonia,test_source
5399,1,1,1,Pneumonia,test_source
5400,1,1,1,Pneumonia,test_source
5401,1,1,1,Pneumonia,test_source
5402,1,1,1,Pneumonia,test_source
5403,1,1,1,Pneumonia,test_source
5404,1,1,1,Pneumonia,test_source
5405,1,1,1,Pneumonia,test_source
5406,1,1,1,Pneumonia,test_source
5407,1,1,1,Pneumonia,test_source
5408,1,1,1,Pneumonia,test_source
5409,1,1,1,Pneumonia,test_source
5410,1,1,1,Pneumonia,test_source
5411,1,1,1,Pneumonia,test_source
5412,1,1,1,Pneumonia,test_source
5413,1,1,1,Pneumonia,test_source
5414,1,1,1,Pneumonia,test_source
5415,1,1,1,Pneumonia,test_source
5416,1,1,1,Pneumonia,test_source
5417,1,1,1,Pneumonia,test_source
5418,1,1,1,Pneumonia,test_source
5419,1,1,1,Pneumonia,test_source
5420,1,1,1,Pneumonia,test_source
5421,1,1,1,Pneumonia,test_source
5422,1,1,1,Pneumonia,test_source
5423,1,1,1,Pneumonia,test_source
5424,1,1,1,Pneumonia,test_source
5425,1,1,1,Pneumonia,test_source
5426,1,1,1,Pneumonia,test_source
5427,1,1,1,Pneumonia,test_source
5428,1,1,1,Pneumonia,test_source
5429,1,1,1,Pneumonia,test_source
5430,1,1,1,Pneumonia,test_source
5431,1,1,1,Pneumonia,test_source
5432,1,1,1,Pneumonia,test_source
5433,1,1,1,Pneumonia,test_source
5434,2,1,1,Pneumonia,test_source
5435,1,1,1,Pneumonia,test_source
5436,1,1,1,Pneumonia,test_source
5437,1,1,1,Pneumonia,test_source
5438,1,1,1,Pneumonia,test_source
5439,1,1,1,Pneumonia,test_source
5440,1,1,1,Pneumonia,test_source
5441,1,1,1,Pneumonia,test_source
5442,1,1,1,Pneumonia,test_source
5443,1,1,1,Pneumonia,test_source
5444,1,1,1,Pneumonia,test_source
5445,1,1,1,Pneumonia,test_source
5446,1,1,1,Pneumonia,test_source
5447,1,1,1,Pneumonia,test_source
5448,1,1,1,Pneumonia,test_source
5449,1,1,1,Pneumonia,test_source
5450,1,1,1,Pneumonia,test_source
5451,1,1,1,Pneumonia,test_source
5452,1,1,1,Pneumonia,test_source
5453,1,1,1,Pneumonia,test_source
5454,1,1,1,Pneumonia,test_source
5455,1,1,1,Pneumonia,test_source
5456,1,1,1,Pneumonia,test_source
5457,1,1,1,Pneumonia,test_source
5458,1,1,1,Pneumonia,test_source
5459,1,1,1,Pneumonia,test_source
5460,1,1,1,Pneumonia,test_source
5461,1,1,1,Pneumonia,test_source
5462,1,1,1,Pneumonia,test_source
5463,1,1,1,Pneumonia,test_source
5464,1,1,1,Pneumonia,test_source
5465,1,1,1,Pneumonia,test_source
5466,1,1,1,Pneumonia,test_source
5467,1,1,1,Pneumonia,test_source
5468,1,1,1,Pneumonia,test_source
5469,1,1,1,Pneumonia,test_source
5470,1,1,1,Pneumonia,test_source
5471,1,1,1,Pneumonia,test_source
5472,1,1,1,Pneumonia,test_source
5473,1,1,1,Pneumonia,test_source
5474,1,1,1,Pneumonia,test_source
5475,1,1,1,Pneumonia,test_source
5476,1,1,1,Pneumonia,test_source
5477,1,1,1,Pneumonia,test_source
5478,1,1,1,Pneumonia,test_source
5479,1,1,1,Pneumonia,test_source
5480,1,1,1,Pneumonia,test_source
5481,1,1,1,Pneumonia,test_source
5482,1,1,1,Pneumonia,test_source
5483,1,1,1,Pneumonia,test_source
5484,1,1,1,Pneumonia,test_source
5485,1,1,1,Pneumonia,test_source
5486,1,1,1,Pneumonia,test_source
5487,1,1,1,Pneumonia,test_source
5488,1,1,1,Pneumonia,test_source
5489,1,1,1,Pneumonia,test_source
5490,1,1,1,Pneumonia,test_source
5491,1,1,1,Pneumonia,test_source
5492,1,1,1,Pneumonia,test_source
5493,1,1,1,Pneumonia,test_source
5494,1,1,1,Pneumonia,test_source
5495,1,1,1,Pneumonia,test_source
5496,1,1,1,Pneumonia,test_source
5497,1,1,1,Pneumonia,test_source
5498,1,1,1,Pneumonia,test_source
5499,1,1,1,Pneumonia,test_source
5500,1,1,1,Pneumonia,test_source
5501,1,1,1,Pneumonia,test_source
5502,1,1,1,Pneumonia,test_source
5503,1,1,1,Pneumonia,test_source
5504,1,1,1,Pneumonia,test_source
5505,1,1,1,Pneumonia,test_source
5506,1,1,1,Pneumonia,test_source
5507,1,1,1,Pneumonia,test_source
5508,1,1,1,Pneumonia,test_source
5509,1,1,1,Pneumonia,test_source
5510,1,1,1,Pneumonia,test_source
5511,1,1,1,Pneumonia,test_source
5512,1,1,1,Pneumonia,test_source
5513,1,1,1,Pneumonia,test_source
5514,1,1,1,Pneumonia,test_source
5515,1,1,1,Pneumonia,test_source
5516,1,1,1,Pneumonia,test_source
5517,1,1,1,Pneumonia,test_source
5518,1,1,1,Pneumonia,test_source
5519,1,1,1,Pneumonia,test_source
5520,1,1,1,Pneumonia,test_source
5521,1,1,1,Pneumonia,test_source
5522,1,1,1,Pneumonia,test_source
5523,1,1,1,Pneumonia,test_source
5524,1,1,1,Pneumonia,test_source
5525,2,1,2,Pneumonia,test_source|train_source
5526,1,1,1,Pneumonia,test_source
5527,1,1,1,Pneumonia,test_source
5528,1,1,1,Pneumonia,test_source
5529,1,1,1,Pneumonia,test_source
5530,1,1,1,Pneumonia,test_source
5531,1,1,1,Pneumonia,test_source
5532,1,1,1,Pneumonia,test_source
5533,1,1,1,Pneumonia,test_source
5534,1,1,1,Pneumonia,test_source
5535,1,1,1,Pneumonia,test_source
5536,1,1,1,Pneumonia,test_source
5537,1,1,1,Pneumonia,test_source
5538,1,1,1,Pneumonia,test_source
5539,1,1,1,Pneumonia,test_source
5540,1,1,1,Pneumonia,test_source
5541,1,1,1,Pneumonia,test_source
5542,1,1,1,Pneumonia,test_source
5543,2,2,2,Normal|Pneumonia,test_source|train_source
5544,1,1,1,Pneumonia,test_source
5545,1,1,1,Pneumonia,test_source
5546,1,1,1,Pneumonia,test_source
5547,1,1,1,Pneumonia,test_source
5548,1,1,1,Pneumonia,test_source
5549,1,1,1,Pneumonia,test_source
5550,1,1,1,Pneumonia,test_source
5551,1,1,1,Pneumonia,test_source
5552,1,1,1,Pneumonia,test_source
5553,1,1,1,Pneumonia,test_source
5554,1,1,1,Pneumonia,test_source
5555,1,1,1,Pneumonia,test_source
5556,1,1,1,Pneumonia,test_source
5557,1,1,1,Pneumonia,test_source
5558,1,1,1,Pneumonia,test_source
5559,2,1,1,Pneumonia,test_source
5560,1,1,1,Pneumonia,test_source
5561,1,1,1,Pneumonia,test_source
5562,1,1,1,Pneumonia,test_source
5563,1,1,1,Pneumonia,test_source
5564,1,1,1,Pneumonia,test_source
5565,1,1,1,Pneumonia,test_source
5566,1,1,1,Pneumonia,test_source
5567,1,1,1,Pneumonia,test_source
5568,1,1,1,Pneumonia,test_source
5569,1,1,1,Pneumonia,test_source
5570,1,1,1,Pneumonia,test_source
5571,1,1,1,Pneumonia,test_source
5572,1,1,1,Pneumonia,test_source
5573,1,1,1,Pneumonia,test_source
5574,1,1,1,Pneumonia,test_source
5575,1,1,1,Pneumonia,test_source
5576,1,1,1,Pneumonia,test_source
5577,2,1,2,Pneumonia,test_source|train_source
5578,1,1,1,Pneumonia,test_source
5579,1,1,1,Pneumonia,test_source
5580,1,1,1,Pneumonia,test_source
5581,1,1,1,Pneumonia,test_source
5582,1,1,1,Pneumonia,test_source
5583,1,1,1,Pneumonia,test_source
5584,1,1,1,Pneumonia,test_source
5585,1,1,1,Pneumonia,test_source
5586,1,1,1,Pneumonia,test_source
5587,1,1,1,Pneumonia,test_source
5588,1,1,1,Pneumonia,test_source
5589,1,1,1,Pneumonia,test_source
5590,1,1,1,Pneumonia,test_source
5591,1,1,1,Pneumonia,test_source
5592,1,1,1,Pneumonia,test_source
5593,1,1,1,Pneumonia,test_source
5594,1,1,1,Pneumonia,test_source
5595,1,1,1,Pneumonia,test_source
5596,1,1,1,Pneumonia,test_source
5597,1,1,1,Pneumonia,test_source
5598,1,1,1,Pneumonia,test_source
5599,1,1,1,Pneumonia,test_source
5600,1,1,1,Pneumonia,test_source
5601,2,2,2,Normal|Pneumonia,test_source|train_source
5602,1,1,1,Pneumonia,test_source
5603,1,1,1,Pneumonia,test_source
5604,1,1,1,Pneumonia,test_source
5605,1,1,1,Pneumonia,test_source
5606,1,1,1,Pneumonia,test_source
5607,1,1,1,Pneumonia,test_source
5608,1,1,1,Pneumonia,test_source
5609,1,1,1,Pneumonia,test_source
5610,1,1,1,Pneumonia,test_source
5611,1,1,1,Pneumonia,test_source
5612,1,1,1,Pneumonia,test_source
5613,1,1,1,Pneumonia,test_source
5614,1,1,1,Pneumonia,test_source
5615,1,1,1,Pneumonia,test_source
5616,1,1,1,Pneumonia,test_source
5617,1,1,1,Pneumonia,test_source
5618,1,1,1,Pneumonia,test_source
5619,1,1,1,Pneumonia,test_source
5620,1,1,1,Pneumonia,test_source
5621,1,1,1,Pneumonia,test_source
5622,1,1,1,Pneumonia,test_source
5623,2,2,2,Normal|Pneumonia,test_source|train_source
5624,1,1,1,Pneumonia,test_source
5625,1,1,1,Pneumonia,test_source
5626,1,1,1,Pneumonia,test_source
5627,1,1,1,Pneumonia,test_source
5628,1,1,1,Pneumonia,test_source
5629,1,1,1,Pneumonia,test_source
5630,1,1,1,Pneumonia,test_source
5631,1,1,1,Pneumonia,test_source
